"conversation_id_str","created_at","favorite_count","full_text","id_str","image_url","in_reply_to_screen_name","lang","location","quote_count","reply_count","retweet_count","tweet_url","user_id_str","username"
"2056525272246063525","2026-05-20T00:04:59.000Z","0","@tanyarlfes Takut ah, nanti mendadak data pribadi bocor lagi. Ampas lah kalau begitu bisa diambil orang buat yang ilegal.","2056888882927669479","","tanyarlfes","in","","0","0","0","https://x.com/sacudade/status/2056888882927669479","1976979049538039808","sacudade"
"2056590611667660827","2026-05-19T04:19:46.000Z","4","🦢 Angel Account Care 🦢

ada kendala akun? pemulihan &amp; hapus akun disini✨🕊️

🔹 Lupa sandi  
🔹 Akun terkunci  
🔹 Pemulihan akun  
🔹 Hapus akun  
🔹 Unsuspend  
🔹 DLL
📱 Gmail • Instagram • Telegram • Facebook • TikTok

🕊️ https://t.co/PGuvf6ZnmI
🌿  •  Available 24/ https://t.co/vtH2ARhfPw","2056590611667660827","https://pbs.twimg.com/media/HIp6OGSbkAELtRY.jpg","","in","","3","0","0","https://x.com/lolynfyta/status/2056590611667660827","734375235714158594","lolynfyta"
"2056179268141687097","2026-05-18T12:00:53.000Z","14","@sweety222591 @stllaahuang_ kemarin aku jg dapet chat kaya gitu sama spam telfon. untungnya ga aku pencet. gabisa tf kayaknya karna fitur protect akibat percobaan login mencurigakan... disuruh nunggu 15mnt terus bisa tf lagi kookk....","2056344269099844053","","sweety222591","in","","0","0","0","https://x.com/favorpancakes/status/2056344269099844053","1333389756940517376","favorpancakes"
"2056184715712086279","2026-05-19T02:15:21.000Z","0","@interlinklabsid Yang jadi masslah adalah email saya tidak dapat di akses lagi karena sudah diretas, saya tak punya kendali lagi ke email saya yang terikat dengan akun interlink, bagaimana solusinya?","2056559303675494436","","interlinklabsid","in","","0","0","0","https://x.com/ACurok98/status/2056559303675494436","1982437688096763904","ACurok98"
"2056909482261885235","2026-05-20T01:26:50.000Z","18","Pagii Jangan Lupa Sarapan
Komdigi godok aturan registrasi media sosial wajib pakai nomor telepon. Tapi apakah siap dengan skenario terburuk apa yang mungkin terjadi pada data pribadi kita

💥 Setelah 22 💥 Indomaret 💥 Arsenal  💥 After 22 💥 Arteta 💥 UFO 💥 copot gubernur bi https://t.co/uM5eYX17r0","2056909482261885235","https://pbs.twimg.com/media/HIuZeKjbYAAOaGf.jpg","","in","","5","0","2","https://x.com/netizenledger/status/2056909482261885235","3007567602","netizenledger"
"2055254193720725792","2026-05-15T11:49:19.000Z","174","Cara cek data pribadi bocor atau ngga? https://t.co/WNntZLJXmD","2055254193720725792","https://pbs.twimg.com/ext_tw_video_thumb/2055254156483690496/pu/img/ADclVAVXwgB8DbFD.jpg","","in","","0","1","70","https://x.com/UJunami/status/2055254193720725792","1376555310","UJunami"
"2056636926137180650","2026-05-19T12:04:03.000Z","0","@jettzreviveme Pernah login di situs mencurigakan gkk? Ato abis install suatu aplikasi aneh di pc/laptopny? Tkut kalo nyebar kmn2 gt hackernya","2056707453648335295","","jettzreviveme","in","","0","1","0","https://x.com/jerusalembells_/status/2056707453648335295","109795212","jerusalembells_"
"2054755729408672023","2026-05-14T02:48:36.000Z","0","Saya tidak bisa membuka link formulir tersebut karena link meminta saya untuk login ke Gmail lama saya yang sedang diretas. Mohon kirimkan ulang akses formulir pembajakan ke alamat email baru saya yang aktif: [Tulis Alamat Gmail Baru Anda Di Sini]"".
@TeamYouTube","2054755729408672023","","","in","","0","0","0","https://x.com/sudirojoyo44391/status/2054755729408672023","2036939616738304000","sudirojoyo44391"
"2056280118340063630","2026-05-19T00:49:15.000Z","1","@kumparan Mi pake no hp tuh kalo sosmednya buatan dan punya negara. Lah ini wajibin no ho untuk sosmed punya orang luar. Bocor aja data pribadi WNI. Blom lagi no hp nyambung ke bank. Bingung sama otaknya. Atau emang sengaja (selain pembungkaman) ada deal sama antek asing??","2056537635930395134","","kumparan","in","","0","1","0","https://x.com/orangecatsFan/status/2056537635930395134","1902557061642366976","orangecatsFan"
"2054755729408672023","2026-05-14T02:49:46.000Z","0","@TeamYouTube Mohon untuk membantu memberikan akses lewat email baru  saya,  karena akun Gmail lama saya diretas sudah tidak bisa masuk lagi","2054756024465375319","","sudirojoyo44391","in","","0","0","0","https://x.com/sudirojoyo44391/status/2054756024465375319","2036939616738304000","sudirojoyo44391"
"2054766421020922214","2026-05-14T03:31:05.000Z","0","Akun Gmail diretas,saya tidak bisa masuk ke akun YouTube saya.kohon beri akses ke email baru terimakasih 
@TeamYouTube","2054766421020922214","","","in","","0","0","0","https://x.com/sudirojoyo44391/status/2054766421020922214","2036939616738304000","sudirojoyo44391"
"2056030991773581646","2026-05-17T15:16:02.000Z","2","Gue udah ditahap muak banget wish mulu yang kena seharusnya yg disalahin tuh oknum yang berulah nya bukan idol nya.mana pake embel"" tiktok diambil alih wish yaa lupikir aja tuh akun kalau ga ada wish berdebu gilakk","2056030991773581646","","","in","","0","0","0","https://x.com/Rantiii06/status/2056030991773581646","1364933863970021378","Rantiii06"
"2039011721084293242","2026-05-16T00:25:41.000Z","0","@TeamYouTube Halo
@TeamYouTube
, akun YouTube saya sukarno karno dengan URL https://t.co/lmwHLY3COd sepertinya telah diretas. Saya kehilangan akses login dan ada aktivitas mencurigakan, email pemulihan dan nomor hp telah berubah tidak saya kenal. Mohon bantuannya untuk proses pemulihanThanks","2055444539880644919","","TeamYouTube","in","","0","0","0","https://x.com/sukarno_ka35468/status/2055444539880644919","1747983334939234304","sukarno_ka35468"
"2056811966992417201","2026-05-20T02:00:39.000Z","0","@TeamYouTube @Apurv4063833056 Halo @TeamYouTube, akun YouTube saya sukarno karno dengan URL https://t.co/coD4e1H940 sepertinya telah diretas. Saya kehilangan akses login dan ada aktivitas mencurigakan. saya sudah mencoba dengan kode 8 digit tapi tidak bisa, email pemulihan saya dan nomor hp telah berubah","2056917990160118053","","TeamYouTube","in","","0","0","0","https://x.com/sukarno_ka35468/status/2056917990160118053","1747983334939234304","sukarno_ka35468"
"2056295389729521742","2026-05-19T03:47:59.000Z","2","@mesatu_ Gausah, data penduduk Indonesia aja bocor kemana - mana, kemaren web IGRS juga jelek banget dan data game confidential developer bocor.

Jangan pernah percayakan teknologi dan data ke pemerintahan yang mayoritasnya adalah boomer yang gatau seberapa berharganya data pribadi.","2056582614266552637","","mesatu_","in","","0","1","0","https://x.com/K_Gen1/status/2056582614266552637","1996595044997070848","K_Gen1"
"2057033157145506231","2026-05-20T09:38:17.000Z","1","Terima jenis segala kendala AKUN❗️ Gmail, Tiktok, Facebook, Instagram dll

• Akun kena hack / akses hilang total
• Nomor tlp tidak aktif
• Terhalang kode login / af2
• Akun terkunci &amp; nonaktif

PROSES 30 MENIT - 2 JAM https://t.co/fAStecmOv4","2057033157145506231","https://pbs.twimg.com/media/HIwMwFtbAAASxwx.jpg","","in","","0","2","1","https://x.com/zounbyxs/status/2057033157145506231","1733135259569389568","zounbyxs"
"2055237226758328809","2026-05-16T02:01:47.000Z","0","@nealmohan @YouTubeCreators @YouTube Halo @TeamYouTube, akun YouTube saya sukarno karno dengan URL https://t.co/coD4e1H940 sepertinya telah diretas. Saya kehilangan akses login dan ada aktivitas mencurigakan. saya sudah mencoba dengan kode 8 digit tapi tidak bisa, email pemulihan saya dan nomor hp telah berubah","2055468725231616499","","nealmohan","in","","0","0","0","https://x.com/sukarno_ka35468/status/2055468725231616499","1747983334939234304","sukarno_ka35468"
"2056280118340063630","2026-05-19T02:46:49.000Z","0","@kumparan Menteri tolol
Data pribadi aja banyak yg bocor. Ini pula suruh nyantumin no pribadi.
Apapun dilakuin kecuali berantas judol, pinjol, &amp; proteksi data","2056567223607865421","","kumparan","in","","0","0","0","https://x.com/chizznanda/status/2056567223607865421","93318884","chizznanda"
"2056280118340063630","2026-05-18T13:03:30.000Z","0","@kumparan Judol, pinjol telpon spam, internet/sinyal di daerah 3T, data pribadi bocor, dll masih banyak kerjaan dia. Dia mau ngumpul2in nomor telepon buat apaan? Mau nyetor ke Palantir? 🤭","2056360027783676269","","kumparan","in","","0","0","0","https://x.com/mtmarbun/status/2056360027783676269","148408101","mtmarbun"
"2054608676594561052","2026-05-13T17:26:33.000Z","0","@zanatul_91 Tulisan jelek gini heran bisa masuk Tempo. Semua hal diurusin &amp; dibahas. Data pribadi lah, blended learning, everything but your own accountability as a teacher. Kalo nyari angle buat disalah2in ya ngajar murid di gua aja sana pake kapur biar gaada data bocor &amp; pengadaan apa2.","2054614287638016245","","zanatul_91","in","","0","0","0","https://x.com/LawanRusa/status/2054614287638016245","1883465294360014848","LawanRusa"
"2055258990360330509","2026-05-15T12:08:22.000Z","1","Polda Jatim membongkar sindikat besar yang mencuri identitas warga untuk jualan kode OTP lewat situs FastSim.
Ada 25.400 data pribadi yang bocor.

#cyberity #keamanansiber #keamanandata https://t.co/UDpjEe62Yj","2055258990360330509","https://pbs.twimg.com/media/HIW_KOebAAAwNgh.jpg","","in","","0","0","1","https://x.com/CyberityN/status/2055258990360330509","1822247201759772674","CyberityN"
"2054498679659409658","2026-05-13T09:47:10.000Z","2","Setuju! Sudah saatnya kita tinggalkan budaya fotokopi yg bikin data pribadi jadi rawan bocor!","2054498679659409658","","","in","","0","0","0","https://x.com/yana_dkm/status/2054498679659409658","797615660515749894","yana_dkm"
"2055447958628495407","2026-05-16T17:38:58.000Z","0","@aveunger @duuling selama ini dia hanya pengauditan pajak tapi sayang pas proses pengauditan datanya dia bocor dan diberi label penggelapan pajak sama media malah disini dia korban data pribadi bocor+pencemaran nama baik https://t.co/GGH5xXTKVc","2055704573847986247","https://pbs.twimg.com/media/HIdUae4bcAAOZwv.jpg","aveunger","in","","0","0","0","https://x.com/iiraa_6/status/2055704573847986247","1550370453898002432","iiraa_6"
"2049170390946291717","2026-05-15T07:49:28.000Z","2","@nealmohan @YouTubeTV @YouTube @NFL Halo @TeamYouTube, akun YouTube saya sukarno karno dengan URL https://t.co/coD4e1H940 sepertinya telah diretas. Saya kehilangan akses login dan ada aktivitas mencurigakan, email pemulihan dan nomor hp telah berubah tidak saya kenal. Mohon bantuannya untuk proses pemulihan. Thanks","2055193834104168730","","nealmohan","in","","0","1","0","https://x.com/sukarno_ka35468/status/2055193834104168730","1747983334939234304","sukarno_ka35468"
"2054440019126112719","2026-05-13T05:54:04.000Z","0","Jangan Kasih Celah buat Hacker! 🛡️

Sering disepelekan, tapi password yang lemah itu ibarat ninggalin kunci rumah di bawah keset. Gampang banget ditebak! Jangan sampai akun IG atau FB kamu diambil alih orang yang nggak bertanggung jawab cuma gara-gara kombinasi tanggal lahir. https://t.co/gjDnfkcP3i","2054440019126112719","https://pbs.twimg.com/media/HILWTZ6bQAAObJS.jpg","","in","","0","0","0","https://x.com/PT_JCD/status/2054440019126112719","1863821707414499328","PT_JCD"
"2056922356568993983","2026-05-20T02:18:00.000Z","3","🦢 Cloud Account Care 🦢

Lagi ada masalah dengan akun? Yuk, konsultasikan di sini ✨

🔸 Lupa sandi🔸 Akun terkunci🔸 Pemulihan akun🔸 Hapus akun🔸 Unsuspend🔸 Dan lainnya

📱 Gmail • Instagram • Telegram • Facebook • TikTok

🦋 https://t.co/j4EmbalXDS🌿 Available 24/7 https://t.co/P0tjCGpM3i","2056922356568993983","https://pbs.twimg.com/media/HIun-HvaUAAfy1E.jpg","","in","","3","0","0","https://x.com/lolynfyta/status/2056922356568993983","734375235714158594","lolynfyta"
"2039011721084293242","2026-05-15T07:51:13.000Z","2","@TeamYouTube Halo @TeamYouTube akun YouTube saya sukarno karno dengan URL https://t.co/lmwHLY3COd sepertinya telah diretas. Saya kehilangan akses login dan ada aktivitas mencurigakan, email pemulihan dan nomor hp telah berubah tidak saya kenal. Mohon bantuannya untuk proses pemulihan. Thanks","2055194274199945311","","TeamYouTube","in","","0","0","0","https://x.com/sukarno_ka35468/status/2055194274199945311","1747983334939234304","sukarno_ka35468"
"2054623144955297854","2026-05-13T18:31:46.000Z","0","@jyamanpark Awalnya aku di dm seakan-akan akun aku bermasalah, terus singkat cerita akun aku sudah diambil alih mereka dengan modus kalo mau akunnya balik bayar sekitar $100-$150 gitu
Nah skrg akun aku yg dipake lg sama mereka buat lanjutin modus penipuannya itu","2054630698028503071","","jyamanpark","in","","0","0","0","https://x.com/kittencim/status/2054630698028503071","1921777829974601728","kittencim"
"2054413647389315444","2026-05-13T04:09:17.000Z","0","diambil alih ningning kah ini akun? WKKWKWKW","2054413647389315444","","","in","","0","0","0","https://x.com/tehgelasduarebu/status/2054413647389315444","1290629876836208642","tehgelasduarebu"
"2056525272246063525","2026-05-19T01:28:02.000Z","0","@tanyarlfes Lembaga yg ngebiarin data pribadi masyarakat bocor kok ngatur data pribadi masyarakat?","2056547393441857716","","tanyarlfes","in","","0","0","0","https://x.com/hunkypas/status/2056547393441857716","1377642501599756295","hunkypas"
"2054854514080161823","2026-05-14T09:21:08.000Z","0","AKUN IG AHMAD DHANI HILANG &amp; DIAMBIL ALIH MULAN JAMEELA 🔥 https://t.co/euAKr38Vlf","2054854514080161823","https://pbs.twimg.com/media/HIRPSqIbgAALb3M.jpg","","in","","0","0","0","https://x.com/Diluarnurul58/status/2054854514080161823","2045075394877882368","Diluarnurul58"
"2054854514080161823","2026-05-14T09:26:27.000Z","0","Pengelolaan akun IG Ahmad Dhani sekarang diambil alih Mulan Jameela biar lebih terkontrol dan aman.
- Tujuannya biar Dhani gak bebas posting hal yang bisa memicu polemik lagi.

#mommy #AlavésBarça #LaGranjaVIPPerú #ahmaddhani #viral #virałpost","2054855853875081473","","Diluarnurul58","in","","0","0","0","https://x.com/Diluarnurul58/status/2054855853875081473","2045075394877882368","Diluarnurul58"
"2056747603887632762","2026-05-19T14:43:35.000Z","0","Wah, Menkomdigi mau wajibkan nomor HP buat medsos biar akuntabel?
Padahal judol, pinjol, dan penipuan online masih merajalela, data pribadi bocor di mana-mana, tapi yang dikejar malah rakyat yang kritis. Ini bukan soal akuntabilitas, ini soal memudahkan pelacakan &amp; pembungkaman","2056747603887632762","","","in","","0","0","0","https://x.com/4213f3/status/2056747603887632762","87210441","4213f3"
"2055577176821616852","2026-05-16T11:46:52.000Z","0","@TeamYouTube @PCSOutstudy Halo @TeamYouTube, akun YouTube saya sukarno karno dengan URL https://t.co/coD4e1H940 sepertinya telah diretas. Saya kehilangan akses login dan ada aktivitas mencurigakan. saya sudah mencoba dengan kode 8 digit tapi tidak bisa, email pemulihan saya dan nomor hp telah berubah","2055615964222484517","","TeamYouTube","in","","0","0","0","https://x.com/sukarno_ka35468/status/2055615964222484517","1747983334939234304","sukarno_ka35468"
"2056280118340063630","2026-05-18T11:32:57.000Z","0","@kumparan Nomor telepon kan data pribadi, knp wajib dicantumin? Skrng aja dah banyak spam n penipuan krn data no telp. bocor..","2056337238024454616","","kumparan","in","","0","0","0","https://x.com/BinarMentari_OK/status/2056337238024454616","1210478918","BinarMentari_OK"
"2054477594633089154","2026-05-13T08:23:23.000Z","0","Kim Dong Wan resmi berhenti pegang media sosial pribadi setelah rentetan kontroversi opininya. Akun Instagram dan Threads-nya kini diambil alih agensi. Langkah yang cukup drastis, ya? #KimDongWan #Shi

 Read More: https://t.co/BdtiPKEcui
-Seola https://t.co/CtI10yQkpj","2054477594633089154","https://pbs.twimg.com/media/HIL4dfCbYAA4Ek4.jpg","","in","","0","0","0","https://x.com/kpopdankdramaid/status/2054477594633089154","1687094580670615552","kpopdankdramaid"
"2055602035324850416","2026-05-16T10:51:31.000Z","0","@KemnakerRI @BPJSTKinfo Ini saya bingung ya, saya kan mau login untuk membuat laporan, tapi kok

1. akun saya masuk ke JKP dengan ini beda kah?
2. Kenapa ""Lupa kata sandi"" itu diarahkan ke halaman login?

Mohon bantuannya karena saya butuh pencairan karena ini bulan ke 6 error https://t.co/dhV9EPVfnp","2055602035324850416","https://pbs.twimg.com/media/HIb27MRbgAA9lxP.jpg","KemnakerRI","in","","0","0","0","https://x.com/yukopangestu/status/2055602035324850416","114142544","yukopangestu"
"2056280118340063630","2026-05-19T02:30:18.000Z","0","@kumparan Nanti bocor lagi alah kementrian busuk fid fid . Program yang logis2 aja Napa. 
@kemkomdigi  benerin dulu uu perlindungan data pribadi .","2056563063978156512","","kumparan","in","","0","0","0","https://x.com/evan_leiden/status/2056563063978156512","102665973","evan_leiden"
"2055125604962644274","2026-05-15T04:34:27.000Z","0","@MediaKonsumenID Maaf, tidak ada kesulitan. 

Keluhannya: Akun Mobile Legends diretas. Pemilik punya bukti resi Google Play (GPA) valid, tapi laporan pemulihan ke Moonton selalu ditolak bot dalam 2 menit. Email ke CS resmi hanya auto-reply yang balik arahkan ke form yang sama. Tidak ada CS","2055144757383274626","","MediaKonsumenID","in","","0","0","0","https://x.com/grok/status/2055144757383274626","1720665183188922368","grok"
"2055853736887824705","2026-05-17T13:40:43.000Z","0","@yuliahariyanti @BSSN_RI @DivHumas_Polri @HumasPoldaJatim @kemkomdigi @indosatim3 @ListyoSigitP @KemensetnegRI @setkabgoid @prabowo Halo sobat siber

Terimakasih atas informasinya.

Kami akan melakukan pendalaman dan penyelidikan terhadap kasus yang dimaksud

Jika ada informasi lain yang perlu kami tindak lanjuti silahkan menghubungi kami melalui https://t.co/suAY7gQLYI

Terimakasih🙏🏻  

#SalamPresisi","2056007006193160607","","yuliahariyanti","in","","0","0","0","https://x.com/CCICPolri/status/2056007006193160607","735358344106549248","CCICPolri"
"2054583374468325536","2026-05-13T15:23:43.000Z","0","hai hari ini sampai seterusnya akun ini diambil alih oleh daonuea","2054583374468325536","","","in","","1","1","0","https://x.com/Daxluceuury/status/2054583374468325536","198204284","Daxluceuury"
"2054394120018575805","2026-05-13T02:51:41.000Z","0","Jangan Kasih Celah buat Hacker! 🛡️

Sering disepelekan, tapi password yang lemah itu ibarat ninggalin kunci rumah di bawah keset. Gampang banget ditebak! Jangan sampai akun IG atau FB kamu diambil alih orang yang nggak bertanggung jawab cuma gara-gara kombinasi tanggal lahir. https://t.co/jGz0vxUes4","2054394120018575805","https://pbs.twimg.com/media/HIKsibpbsAA7BJ3.jpg","","in","","0","0","0","https://x.com/PT_JCD/status/2054394120018575805","1863821707414499328","PT_JCD"
"2057006314182853000","2026-05-20T07:53:19.000Z","0","@keterinasin Hai Kak, maaf untuk kondisinya ya. Aku sarankan bisa OFF ON kan handphone dan coba kembali akses jaringan internetnya. Jika masih sama silakan infokan nomor IM3, nama terdaftar dan detail lokasi (nama jalan, RT/RW, Kelurahan, Kecamatan, Kabupaten, Provinsi) melalui DM demi","2057006743004107013","","keterinasin","in","","0","0","0","https://x.com/CareIM3/status/2057006743004107013","548904824","CareIM3"
"2055797284684873748","2026-05-16T23:47:22.000Z","0","""Nanti memasukkan OTP, PIN, data pribadi. Nah, setelah data-data tersebut diperoleh, ini artinya bahwa akun korban ini bisa kemudian diambil alih. Kalau sudah diambil alih, dananya akan dikuras,"" ungkap Heru memaparkan modus operandi pelaku.

https://t.co/sjVzJzkI4p","2055797284684873748","","","in","","0","0","0","https://x.com/GoToJATIASIH/status/2055797284684873748","1010167496","GoToJATIASIH"
"2055125604962644274","2026-05-15T03:18:21.000Z","0","Akun Mobile Legends diretas, sudah ada bukti resi Google Play (GPA) yang valid, tapi semua laporan pemulihan ke Moonton langsung ditolak bot dalam 2 menit. Email ke CS resmi? Dibalas auto-reply yang ngarahin balik ke formulir yang sama 🤦
Tidak ada CS manusia, tidak ada","2055125604962644274","","","in","","0","1","0","https://x.com/MediaKonsumenID/status/2055125604962644274","1117529034","MediaKonsumenID"
"2056707244633510158","2026-05-19T12:03:13.000Z","5","pemerintah harus evaluasi, masyarakat bahkan udah paranoid sama nomor asing yang masuk, kepercayaan publik turun bukan karena masyarakatnya yang lebay, tapi karena emang sistem perlindungan data kita masih bolong di mana mana. selama data pribadi bisa bocor dari PDDIKTI, e-KTP,","2056707244633510158","","","in","","0","0","0","https://x.com/frikhii/status/2056707244633510158","1954281496589856768","frikhii"
"2055327880645668892","2026-05-16T01:39:45.000Z","0","@tanyarlfes Mereka dapet nomor orang yg dituju dari mana sih... mengkritik demi negara sendiri malah diterror... bocor data pribadi.","2055463182135877971","","tanyarlfes","in","","0","0","0","https://x.com/pascawisuda/status/2055463182135877971","2023738777169240064","pascawisuda"
"2056657695818867028","2026-05-19T08:46:20.000Z","0","Kejahatan digital dan penipuan online semakin beragam.
Jangan mudah percaya dengan link, undangan, investasi, atau tawaran yang mencurigakan.

🔒 Lindungi data pribadi Anda
📱 Gunakan password yang kuat
✅ Aktifkan verifikasi dua langkah
⚠️ Jangan pernah membagikan OTP https://t.co/49F5uhZmp6","2056657695818867028","https://pbs.twimg.com/media/HIq3RI7aIAAcWvz.jpg","","in","","0","0","0","https://x.com/sihumas_tangsel/status/2056657695818867028","1606206406398353408","sihumas_tangsel"
"2056046266950554032","2026-05-17T16:16:44.000Z","0","kocak padahal gue sendiri juga nungguin dreamies tiktokan ga cuma lu pada tapi gue masih waras buat mikir kalo emang pada ga sempet, orang2 nya aja lagi pada mencar, bisa2 nya lu pada bilang akun tiktok diambil alih ke wish, itu kalau wish ga aktif disana tuh akun berdebu anjir.","2056046266950554032","","","in","","0","1","0","https://x.com/hilychives/status/2056046266950554032","1768330037227618304","hilychives"
"2056280118340063630","2026-05-19T12:02:55.000Z","1","@kumparan nomor tlp dicantumin supaya bisa di doxing nanti.
buat rebut akun sosmed dll, peretas akan menggunakan reset pasword dengan nomer tlp lewat sms.
karena ini ""negara"", tinggal monitoring kode sms yang masuk langsung lewat providernya.
akun lu diambil alih.
kena dah lu pada.","2056707170889257126","","kumparan","in","","0","0","0","https://x.com/MusuhMisuh2/status/2056707170889257126","1685447374498635776","MusuhMisuh2"
"2056164221469987227","2026-05-18T01:27:49.000Z","0","@TeamYouTube @chiefslogo81 Halo @TeamYouTube, akun YouTube saya sukarno karno dengan URL https://t.co/coD4e1H940 sepertinya telah diretas Saya kehilangan akses login dan ada aktivitas mencurigakan. kode 8 digi tetap  tidak bisa, email pemulihan saya dan nomor hp telah berubah rekening bank juga kena efek","2056184951482327318","","TeamYouTube","in","","0","0","0","https://x.com/sukarno_ka35468/status/2056184951482327318","1747983334939234304","sukarno_ka35468"
"2055674523895414963","2026-05-17T13:43:09.000Z","1","@jelasbukanonta @mohmahfudmd @MajelisUlamaID @muipusat @Kemenag_RI @DPR_RI @kemkominfo @Kemendagri_RI @jokowi @nadiemmakarim @Kemdikbud_RI @na_dirs @DivHumas_Polri @KomnasHAM @aagym @BNPTRI @KPAI_official @ListyoSigitP Halo sobat siber

Terimakasih atas informasinya.

Kami akan melakukan pendalaman dan penyelidikan terhadap kasus yang dimaksud

Jika ada informasi lain yang perlu kami tindak lanjuti silahkan menghubungi kami melalui https://t.co/suAY7gQLYI

Terimakasih🙏🏻  

#SalamPresisi","2056007616107893107","","jelasbukanonta","in","","0","0","0","https://x.com/CCICPolri/status/2056007616107893107","735358344106549248","CCICPolri"
"2056717354063814915","2026-05-19T12:55:34.000Z","0","@Cimolbojot15 @Cimolbojot15 Hi Kak, kami turut prihatin atas kendala penipuan yang di alami. Demi menjaga keamanan data dan kerahasiaan informasi akun yang bersangkutan, kami sarankan agar pemilik akun menghubungi kami secara mandiri melalui DM. Hal ini diperlukan (1/2)","2056720418158059953","","Cimolbojot15","in","","0","1","0","https://x.com/danawallet/status/2056720418158059953","965871936545816577","danawallet"
"2056178993389588818","2026-05-18T01:04:09.000Z","0","maupun membagikan data rahasia seperti password dan OTP. 🚫

Jika ada pihak yang meminta hal tersebut, segera hentikan komunikasi dan tetap waspada agar data serta rekeningmu tetap aman. 🔐 (2/3)","2056178997449683339","","pajaktarakan","in","","0","1","0","https://x.com/pajaktarakan/status/2056178997449683339","910538916767215617","pajaktarakan"
"2055550792804024367","2026-05-16T07:27:53.000Z","0","akun ini diambil alih oleh shownu","2055550792804024367","","","in","","0","0","0","https://x.com/M0KAWHY/status/2055550792804024367","1223270391927336960","M0KAWHY"
"2056543896176632008","2026-05-19T01:14:08.000Z","1","🌐 Kejahatan digital dan penipuan online semakin beragam.
Jangan mudah percaya dengan link, undangan, investasi, atau tawaran yang mencurigakan.

🔒 Lindungi data pribadi Anda
📱 Gunakan password yang kuat
✅ Aktifkan verifikasi dua langkah
⚠️ Jangan pernah membagikan OTP https://t.co/EesLCwTB1a","2056543896176632008","https://pbs.twimg.com/media/HIpPxm8bUAAWOcX.jpg","","in","","0","1","0","https://x.com/HumasCisauk/status/2056543896176632008","1709588892188569600","HumasCisauk"
"2055973457935163847","2026-05-17T13:45:39.000Z","0","@yuliahariyanti @BSSN_RI @DivHumas_Polri @HumasPoldaJatim @kemkomdigi @indosatim3 @ListyoSigitP @KemensetnegRI @setkabgoid @prabowo @yuka Halo sobat siber

Terimakasih atas informasinya.

Kami akan melakukan pendalaman dan penyelidikan terhadap kasus yang dimaksud

Jika ada informasi lain yang perlu kami tindak lanjuti silahkan menghubungi kami melalui https://t.co/suAY7gQLYI

Terimakasih🙏🏻  

#SalamPresisi","2056008245211451746","","yuliahariyanti","in","","0","0","0","https://x.com/CCICPolri/status/2056008245211451746","735358344106549248","CCICPolri"
"2056208166258372793","2026-05-18T09:46:24.000Z","0","@SVerlina50268 @ojkindonesia @SVerlina50268 Hi Kak Verlina, kami mengerti keresahan Kakak terkait pelepasan KTP ini. Berdasarkan pengecekan, demi keamanan dan kenyamanan Kakak, kami ingin mengingatkan agar Kakak memastikan kembali bahwa seluruh aset atau layanan aktif di akun tersebut. (1)","2056310425139241164","","SVerlina50268","in","","0","1","0","https://x.com/danawallet/status/2056310425139241164","965871936545816577","danawallet"
"2056572832008798434","2026-05-19T03:09:07.000Z","2459","Nasib jadi WNI gini amat. Keamanan data gapernah dijamin, data pribadi banyak yg bocor, ini mau aman main medsos pun dirusuhin juga. Judol noh urusin.","2056572832008798434","","","in","","5","41","723","https://x.com/nozelism/status/2056572832008798434","1650324820402520065","nozelism"
"2056543186487857291","2026-05-19T01:11:19.000Z","0","🌐 Kejahatan digital dan penipuan online semakin beragam.
Jangan mudah percaya dengan link, undangan, investasi, atau tawaran yang mencurigakan.

🔒 Lindungi data pribadi Anda
📱 Gunakan password yang kuat
✅ Aktifkan verifikasi dua langkah
⚠️ Jangan pernah membagikan OTP https://t.co/VQ1E89BQcw","2056543186487857291","https://pbs.twimg.com/media/HIpPH3KacAAvB6G.jpg","","in","","0","0","0","https://x.com/PolisiSerpong/status/2056543186487857291","1396676064789762049","PolisiSerpong"
"2054820313490452522","2026-05-14T07:26:11.000Z","0","@ftegv61139 @ftegv61139 Hi Kak, kami memahami bahwa kendala tidak bisa login karena nomor hilang membuat Kakak tidak nyaman. Kami sudah terima dan cek DM Kakak nih. Terima kasih sudah melampirkan data yang dibutuhkan oleh tim kami. Namun, setelah kami cek pada nomor laporan Kakak, (1)","2054825587915833672","","ftegv61139","in","","0","0","0","https://x.com/danawallet/status/2054825587915833672","965871936545816577","danawallet"
"2056560142049783915","2026-05-19T02:18:41.000Z","0","Kejahatan digital dan penipuan online semakin beragam.
Jangan mudah percaya dengan link, undangan, investasi, atau tawaran yang mencurigakan.

🔒 Lindungi data pribadi
📱 Gunakan password yang kuat
✅ Aktifkan verifikasi dua langkah
⚠️ Jangan pernah membagikan OTP kepada siapapun https://t.co/2A6v3eXXNm","2056560142049783915","https://pbs.twimg.com/media/HIpeirFbsAAkyxN.jpg","","in","","0","0","0","https://x.com/PolsekKelapaDua/status/2056560142049783915","1184042886326714368","PolsekKelapaDua"
"2056280118340063630","2026-05-18T17:08:59.000Z","0","@kumparan Rencana wajib memasukkan nomor HP saat registrasi ulang medsos menimbulkan kekhawatiran soal privasi dan keamanan data pribadi. Jika pengelolaan datanya tidak kuat, masyarakat khawatir data pengguna bisa bocor atau disalahgunakan.","2056421803330007387","","kumparan","in","","0","0","0","https://x.com/SuwarnoSu54059/status/2056421803330007387","2003118567206846464","SuwarnoSu54059"
"2056026134836613360","2026-05-17T15:23:31.000Z","0","@aeriziuu @aeriziuu Kami sarankan agar lebih berhati-hati terhadap modus penipuan yang marak terjadi dan selalu menjaga informasi yang bersifat pribadi seperti tidak memberikan PIN/OTP ke pihak lain atau tidak klik tautan yang mencurigakan. Tks -UH- (2)","2056032876605628423","","aeriziuu","in","","0","0","0","https://x.com/danawallet/status/2056032876605628423","965871936545816577","danawallet"
"2056254275529949347","2026-05-18T08:25:06.000Z","0","@SVerlina50268 @ojkindonesia @SVerlina50268 Hi Kak, kami memahami situasi ini mungkin cukup merepotkan dan buat Kakak tidak tenang atas kendala pelepasan identitas KTP. Setelah kami bantu cek, saat ini laporanmu masih dalam proses penanganan intensif tim resolusi. Kami sudah bantu priroitaskan, (1)","2056289964330279284","","SVerlina50268","in","","0","1","0","https://x.com/danawallet/status/2056289964330279284","965871936545816577","danawallet"
"1940938988262773227","2026-05-20T13:38:28.000Z","0","@Manstein363785 @Ruth_Djojoning @Alie_Fahnoor @aesculapiusw @_majusi_ @imamDouma @againstkadroen @Tuh_cab @RobertAlJamedi @kakilangitimur @Valhallaah @apostolosyohans @c0leaid @__anomali__ @Kumba0karno @JLion555 @ha818 @RyKe355493 @TomatTomat44 @ParaDox1830307 @victoragiular @YNP_NCF @iam_zelt @Orza961026 @InWahyudi581 @paolnapi @MillMx429564 @FaktaBerita89 @oculpwlus @Kirti0Mukha @virtual24130 @Huntmon1 @lawankadru25786 @abdulah_ibnkalb @Richbranf @BatakPalestine @EKuakun71920 @Mundiwangi4 @OneLove4Human @DeHoutman_iQ @kadrunmampos @Matahari_tmr @supeskrim @SaoirseSinwar @yourstruly_010 kasihan umbi oten gak ngerti bahwa larangan makan lele dsb2 saat itu berlaku hanya di suku tertentu saja, hanya berlaku bagi nabi suku tersebut, keturunan Ismail lele &amp; unta boleh makan. br di nabi terakhir sifatnya global, harusnya yahudi bersyukur akhirnya dibolehkan makan unta","2057093602711568401","","Manstein363785","in","","0","2","0","https://x.com/Juragann_muda2/status/2057093602711568401","483674953","Juragann_muda2"
"2054829696752513403","2026-05-14T08:25:11.000Z","0","@hadidjojokusumo @hadidjojokusumo Sesuai Syarat &amp; Ketentuan, klaim DANA Protection belum dapat disetujui. Selalu hati-hati terhadap modus penipuan yg marak terjadi, jangan pernah membagikan PIN/OTP atau klik link mencurigakan dari pihak mana pun demi keamanan akun. Thx -SB- (2)","2054840433394790840","","hadidjojokusumo","in","","0","1","0","https://x.com/danawallet/status/2054840433394790840","965871936545816577","danawallet"
"2055525668465831943","2026-05-16T05:54:53.000Z","0","@Kicaumania997 @Kicaumania997 Hi Kak, kami paham kekhawatiran Kakak terkait percobaan login yang tidak dikenal. DANA aman, berizin &amp; diawasi Bank Indonesia. Untuk keamanan, ganti PIN berkala, aktifkan DANA Viz/Passkey. Selalu waspada &amp; jangan bagikan PIN/OTP &amp; klik link mencurigakan. (1)","2055527385920045202","","Kicaumania997","in","","0","0","0","https://x.com/danawallet/status/2055527385920045202","965871936545816577","danawallet"
"2056538082363732200","2026-05-19T00:51:02.000Z","0","🌐 Kejahatan digital dan penipuan online semakin beragam.
Jangan mudah percaya dengan link, undangan, investasi, atau tawaran yang mencurigakan.

🔒 Lindungi data pribadi Anda
📱 Gunakan password yang kuat
✅ Aktifkan verifikasi dua langkah
⚠️ Jangan pernah membagikan OTP kepada https://t.co/JYaRWoFoQY","2056538082363732200","https://pbs.twimg.com/media/HIpKe24bcAE9yLZ.jpg","","in","","0","0","0","https://x.com/curug_polsek/status/2056538082363732200","1046638389640884225","curug_polsek"
"2055121020835561647","2026-05-15T11:16:16.000Z","0","@LSeptinia35858 @LSeptinia35858 Hi Kak, Kami turut merasakan kekhawatiran Kakak karena adanya indikasi penyalahgunaan akun. Kami sudah menerima pesan Kakak di DM dan akan segera membalasnya. Agar Kami dapat berikan solusi yang tepat, mohon infokan detail kronologinya melalui DM ya, Kak. (1)","2055245878559142286","","LSeptinia35858","in","","0","0","0","https://x.com/danawallet/status/2055245878559142286","965871936545816577","danawallet"
"2056312487205908965","2026-05-18T11:36:22.000Z","0","@flowminie @flowminie Hi Kak, mohon maaf data yg Kakak lampirkan via DM belum bisa kami akses. Setelah kami cek melalui obrolan via DIANA, Kakak infokan jika pemilik KTP saat ini 'sudah tidak ada', mohon izin dan kesediaannya untuk mengonfirmasi kembali kepada kami melalui ruang DM. (1)","2056338098196480210","","flowminie","in","","0","1","0","https://x.com/danawallet/status/2056338098196480210","965871936545816577","danawallet"
"2057080584909037747","2026-05-20T13:51:55.000Z","0","@snowiela Malam Kak, kami dari Pusat Monitoring Telekomunikasi Kementerian KomDigi. Untuk masalah sinyal &amp; jaringan kami akan bantu follow up ke ISP terkait. Info ke kami melalu DM utk menjaga privacy anda, detail No Pelanggan &amp; lokasi lengkap yg bermasalah dan lakukan pengetesan melalui","2057096986424385729","","snowiela","in","","0","0","0","https://x.com/pmtkemkomdigi/status/2057096986424385729","1877623779406598144","pmtkemkomdigi"
"2056033481118089423","2026-05-17T15:30:03.000Z","0","@biyruu @biyruu Kami sarankan agar lebih berhati-hati terhadap modus penipuan yang marak terjadi dan selalu menjaga informasi yang bersifat pribadi seperti tidak memberikan PIN/OTP ke pihak lain atau tidak klik tautan yang mencurigakan. Tks -UH- (2)","2056034520571523444","","biyruu","in","","0","0","0","https://x.com/danawallet/status/2056034520571523444","965871936545816577","danawallet"
"2056234020745453582","2026-05-18T04:57:56.000Z","0","@lionsbaee @lionsbaee Hi Kak, pesan Kakak di DM mengenai kendala login karena perangkat dan nomor HP yang hilang sudah kami terima.
Terima kasih telah mengirimkan data-data pendukung yang dibutuhkan. Saat ini, data Kakak sedang diperiksa oleh tim terkait untuk memastikan keamanan akun (1)","2056237832168145193","","lionsbaee","in","","0","0","0","https://x.com/danawallet/status/2056237832168145193","965871936545816577","danawallet"
"2055863634245644363","2026-05-17T04:12:45.000Z","0","@keyzatr ˙ . ꒷ 🍙 . *acc f100+* . 𖦹˙— 🐈‍⬛

꒰ 💲 ꒱ https://t.co/ZwnuIftHvn

⋆˙⟡ verif email (firstmail)
⋆˙⟡ masuk mt ht bisa tes ulang
⋆˙⟡ tidak bisa bantu ganti email https://t.co/DygvrBtY7W","2055864071329862081","https://pbs.twimg.com/media/HIfla7ubYAA-RKH.jpg","keyzatr","in","","0","0","0","https://x.com/magicaalloved/status/2055864071329862081","434328827","magicaalloved"
"2056696373060456837","2026-05-19T11:20:01.000Z","3","akun udah diambil alih mas dukun dan penjyudiii

#WUTheSeriesEP3","2056696373060456837","","","in","","0","0","1","https://x.com/inimeuyah/status/2056696373060456837","1428719036741738498","inimeuyah"
"2056578493664903665","2026-05-19T03:31:36.000Z","0","WASPADA PENIPUAN ONLINE⚠️

Jangan Mudah Tergiur⚠️
Lindungi Data dan Uang Anda⚠️ https://t.co/sSmZTick3o","2056578493664903665","https://pbs.twimg.com/media/HIpvPCyaUAEinhW.jpg","","in","","0","0","0","https://x.com/HumasJatiasih/status/2056578493664903665","1594221561703149569","HumasJatiasih"
"2055994703179620427","2026-05-17T12:51:50.000Z","0","️️ ️️ 

️️ ️️ 

𖹭 :   Mbak, kayaknya beneran rusak akunnya. Coba diistirahatkan dulu kayak di-logout 2-3 hari???

️️ ️️ 

️️ ️️","2055994703179620427","","","in","","0","1","0","https://x.com/urnaselia/status/2055994703179620427","3243213976","urnaselia"
"2055911525786026470","2026-05-17T07:21:19.000Z","1","Halo @TeamYouTube, akun YouTube saya sukarno karno dengan URL https://t.co/lmwHLY3COd sepertinya telah diretas. Saya kehilangan akses login dan ada aktivitas mencurigakan. saya sudah mencoba dengan kode 8 digit tapi tidak bisa, email pemulihan saya dan nomor hp telah berubah, thx","2055911525786026470","","","in","","0","0","0","https://x.com/sukarno_ka35468/status/2055911525786026470","1747983334939234304","sukarno_ka35468"
"2056094379937345712","2026-05-17T21:42:48.000Z","0","@RandonHentai é uma rede social de mensagens diretas, daí agnt usaria só pra isso (e não precisa cadastrar email, celular nem nada)","2056128326524174517","","RandonHentai","pt","","0","1","0","https://x.com/cinira_lin/status/2056128326524174517","2027173696603848704","cinira_lin"
