id,replyCount,likeCount,publishedAt,authorName,text,isReply,isReplyTo,isReplyToName
Ugzr67zFeXh5w-EToM94AaABAg,1,2,"2026-03-25 13:39:01",@Rizff-j7m,"Ke sini gara² ff",0,,
Ugzr67zFeXh5w-EToM94AaABAg.AUmJ8pcBJO2AUsnpaBKVUs,,0,"2026-03-28 02:11:19",@koizganteng6257,sama,1,Ugzr67zFeXh5w-EToM94AaABAg,@Rizff-j7m
UgxqztEk_XwmJlM3j5Z4AaABAg,0,0,"2026-03-16 18:22:25",@AhmadZaini-w7f,"Kok beda tampilannya apalagi menunya gak kayak gitu cara hapus akunnya juga beda tapi pas masukin sandi malah salah masukin kode salah juga sekarang gak bisa pakai fitur lupa kata sandi pasti balik ke halaman utama 😢",0,,
UgwtbyZ2x1yQXL3v_4V4AaABAg,0,0,"2026-03-05 15:27:55",@JohanCabaye-z4n,"Sumpah meta facebook skrg «2026» lapar akun bngkee🤬",0,,
UgzZSAgwUi0beo70K554AaABAg,0,1,"2026-01-22 04:41:28",@pantau684-c7r,Terimakasih,0,,
UgxU6_Xc6o_Pch6kEwF4AaABAg,1,1,"2026-01-14 07:43:47",@MadGobres-p4g,"Terimakasih bang",0,,
UgxU6_Xc6o_Pch6kEwF4AaABAg.ARxQqnGF7lvARxng5cdY02,,0,"2026-01-14 11:12:03",@makinVIRAL,"Terimakasih kembali ya",1,UgxU6_Xc6o_Pch6kEwF4AaABAg,@MadGobres-p4g
UgwK6SkStoBEXX82OB54AaABAg,0,0,"2025-11-29 13:22:49",@putraperdana4941,"Inti nya jangn gunakan faceboock lagi...karna apk ini sudah ada celah..untuk di bobol ...demikian",0,,
UgwYhEsll11YWmlW6ip4AaABAg,0,0,"2025-10-15 03:29:56",@JerukKecut-f9l,"Lupa sandi bgmn",0,,
UgxppbYp2I4rco9yepF4AaABAg,0,0,"2025-10-09 09:01:04",@AiniBintiFulanah,"BANG SOLUSINYA DONK. DI AKUNKU TIDAK ADA . GIMNAA???? TOLONG DONK BANG. AKUNKU SUDAH DIBOBOL ORANG. Pengikut dah banyak kenangan dah banyak",0,,
UgzhDAvGzT81XcDlX654AaABAg,0,0,"2025-08-04 19:24:10",@Rungkad91-gf7mq,"bang aku pas proses akhirr,periksa keamanan malah masuk ke akun fcbok,gmn tuh bang",0,,
Ugxk4ccRu1rS6F6q-nt4AaABAg,0,0,"2025-07-18 11:34:18",@ocypipit8152,"Kok aq g bs ubah kt sandi y ketranganya anda terdeteksi mnggunakan perangkat yg tdk biasa,tunggu bbrpa saat. Itu knpa y?",0,,
UgzMOKvzN7BrM5ZTrc94AaABAg,0,0,"2025-07-04 14:53:51",@KeluargaMetal-l2m,"Work dong",0,,
UgwGaik3SYQkC-78Lep4AaABAg,0,0,"2025-07-04 14:49:04",@KeluargaMetal-l2m,"Halk ketua",0,,
UgyRJfPo9Go4Sj3Krq54AaABAg,0,0,"2025-06-29 02:31:17",@Basnoanno-o1g,"Mas klo udh aku stel swmua knp klo aku masuk pwriksa keamann.lansung muncul masuk ke fb lite adngkn say ngk mempunyai fb laite",0,,
Ugy77y8zWK5Y5ttjmYJ4AaABAg,0,0,"2025-06-04 06:10:08",@MazEmon-k6z,"Hacker lebih pintar?",0,,
UgwCJjjnoxP4mr_3jkh4AaABAg,0,2,"2025-05-13 07:30:17",@agusevita654,"pertanyaan saya bang,kalo sewaktu hp mati ato hilang bagaimana cara loginnya soalnya kalo pake hp lain pasti hp yg terdahulu yg harus mengijinkan login",0,,
UgzMCgoMaNmi7zCa8EV4AaABAg,0,0,"2025-05-08 10:22:54",@dsproject7314,"Poin nomor 3 kunci ke amanan, gimana cara aktifkan nya pak ?",0,,
Ugw2VebY9jfmA9wUID94AaABAg,0,0,"2025-04-15 12:53:49",@adinagaming4537,"Akun aku tbtb jualan Motor NMax di MarketPlace. Bangke antara ke hack kalo gak ada celah MarketPlace di FB",0,,
Ugw4rWR_ahS0fE5lZWl4AaABAg,0,1,"2025-04-14 07:13:04",@MuntahaMbahmun1969,"suwun pak sudah mau berbagi ilmu pada orang lain",0,,
UgzT3J0meu1CPPtjSBF4AaABAg,0,0,"2025-03-21 03:39:42",@MarCell-g2b,"Kok yg aku pake kata sandi?",0,,
UgwLiTEo9r6mFy6Da_F4AaABAg,0,0,"2025-03-15 00:00:06",@Erwinkece-k8k,"Aku klo bingung apa apa aku langsung ke konten abang",0,,
Ugxn4eKq-EF75IvUAMJ4AaABAg,2,3,"2025-03-12 12:27:54",@antoasik2450,"Terima kasih bang,cara nya bisa menjaga akun",0,,
Ugxn4eKq-EF75IvUAMJ4AaABAg.AFZrXEUmJyrAF_E-NtjUOj,,1,"2025-03-12 15:53:00",@makinVIRAL,"Semoga bermanfaat",1,Ugxn4eKq-EF75IvUAMJ4AaABAg,@antoasik2450
Ugxn4eKq-EF75IvUAMJ4AaABAg.AFZrXEUmJyrAFa6SgSTGsp,,0,"2025-03-13 00:06:20",@antoasik2450,"@makinVIRAL ya bang terima kasih",1,Ugxn4eKq-EF75IvUAMJ4AaABAg,@antoasik2450
UgyMMEGLjs-p8KNPhWF4AaABAg,0,0,"2025-03-05 03:39:13",@AjiP-o4q,"Pasti gara ²akun ff",0,,
Ugwvpn1pwQBmrPD0AHl4AaABAg,0,1,"2025-02-28 05:00:53",@Dewisukma-w6v,"Trimakasih mas👍",0,,
UgyKlUQ-KA1SAQzG4kx4AaABAg,0,0,"2025-02-27 03:04:58",@SitiJanah-x2u,"Fb aku dlu di heck org ga dikenal",0,,
UgxLGFnbLEWuiTOKWFJ4AaABAg,0,0,"2025-02-18 15:39:48",@EvaSukmawati-v8m,"Kalau aku pas pemeriksaan keamanan bang langsung ngk kaya gtu Mala msuk di FB 😢",0,,
UgwvVDL5XS56zTOW4Ul4AaABAg,0,0,"2025-02-17 15:32:18",@YohanaKwuta,"Gimana ya kalau kita uda ganti sandi tpi perangkat lain bisa buka lagi. Walaupun dia sudah hps ttp akunya sendiri muncul lagi?",0,,
UgwMDzACSC0TN0Af4gF4AaABAg,0,0,"2025-01-26 03:55:52",@putraanakmakassar1286,"BG cara nya update kata sandi FB nya supaya gak di heck",0,,
UgzmxwtawcUuFqueMGF4AaABAg,0,0,"2025-01-22 10:47:09",@RezaJeneponto,"Gua yg adu mekanik ama jb☠️",0,,
Ugzg9fH7cAVgvxs0LHV4AaABAg,0,0,"2025-01-17 01:24:18",@MindoelHK,"Stlh selasai perlu di klik tinjau ap nda bang",0,,
UgxU76aBiD5cCBNdFnJ4AaABAg,4,0,"2025-01-16 02:50:59",@marry-g2h,"Kak kalo ganti nomor di autitensi 2 faktor bisa ga ?? Soalnya no tersebut udah ga aktif , plisss bls",0,,
UgxU76aBiD5cCBNdFnJ4AaABAg.ADLCmcfSJ73ADLE1Gjsh5s,,0,"2025-01-16 03:01:52",@makinVIRAL,Bisa,1,UgxU76aBiD5cCBNdFnJ4AaABAg,@marry-g2h
UgxU76aBiD5cCBNdFnJ4AaABAg.ADLCmcfSJ73ADLES75BEPV,,0,"2025-01-16 03:05:32",@marry-g2h,"@makinVIRAL  gmn caranya kak aku udh bolak balik ga bisa. Ada tutor nya gak ?",1,UgxU76aBiD5cCBNdFnJ4AaABAg,@marry-g2h
UgxU76aBiD5cCBNdFnJ4AaABAg.ADLCmcfSJ73ADLOOYMtyPU,,0,"2025-01-16 04:32:25",@marry-g2h,"@makinVIRAL ka plisss jawab",1,UgxU76aBiD5cCBNdFnJ4AaABAg,@marry-g2h
UgxU76aBiD5cCBNdFnJ4AaABAg.ADLCmcfSJ73ADNwBKgJnLu,,0,"2025-01-17 04:14:56",@marry-g2h,"@makinVIRAL kk plissss jawab gmn",1,UgxU76aBiD5cCBNdFnJ4AaABAg,@marry-g2h
Ugwn3YEIxp4kYwqoYXN4AaABAg,0,0,"2025-01-15 04:08:28",@UmarIndra-g8u,"Bang kalau ad yg sdah trlalnjur di hack. Trus agar org itu GK bisa log out dari FB kita gmna bang?",0,,
Ugzg6UFfq2G-gNkIb7N4AaABAg,1,0,"2025-01-08 16:37:02",@Gadget.nikunik,"Lebih aman pakai verifikasi wajah cuma ga tau ada apa gak",0,,
Ugzg6UFfq2G-gNkIb7N4AaABAg.AD24xhreAScAD29Iyetjug,,0,"2025-01-08 17:15:01",@makinVIRAL,"Mungkin suatu saat nanti pasti ada",1,Ugzg6UFfq2G-gNkIb7N4AaABAg,@Gadget.nikunik
UgxYOyxwX3fdhsVxNP94AaABAg,1,2,"2024-12-30 11:31:57",@REHANREHAN-n5c,"bg sya pinjam kan akun fb sya nah sya ingin mengembalikan akunnya ke sya tpi akun FB nya msh tersambung sma hp teman sya sya ingin mengganti sndi tpi gbsa pdhl udh benar kodenya jdi adakah solusi agar dia tidak bisa login akunn fb sya lgi",0,,
UgxYOyxwX3fdhsVxNP94AaABAg.ACfMtKZIJhBAHYAkVYtXn0,,0,"2025-04-30 13:48:56",@ahmadfuadi2309,"Nyimak ... Kasus sama",1,UgxYOyxwX3fdhsVxNP94AaABAg,@REHANREHAN-n5c
Ugwy2wl2oV6u7EVpFUR4AaABAg,2,0,"2024-12-30 00:45:12",@NacitaArnaar,"Yang punya saya tidak bisa kak.. Harus masukan sandi tapi selalu salah",0,,
Ugwy2wl2oV6u7EVpFUR4AaABAg.ACeCsUdY0QsACijgT2E5w5,,0,"2024-12-31 18:57:37",@NacitaArnaar,"@brainwaveofficial.14  alhamdulillah sekarang sudah bisa mengaktifkan akun gugel dan WA tapi Facebook belum bisa soalnya ganti no yang baru",1,Ugwy2wl2oV6u7EVpFUR4AaABAg,@NacitaArnaar
Ugwy2wl2oV6u7EVpFUR4AaABAg.ACeCsUdY0QsACijlgAX0L0,,0,"2024-12-31 18:58:20",@NacitaArnaar,"@brainwaveofficial.14  maksudnya sudah mengaktifkan faktor 2langkah",1,Ugwy2wl2oV6u7EVpFUR4AaABAg,@NacitaArnaar
UgxjtIYzqG3b5QdXlOt4AaABAg,0,1,"2024-12-28 13:32:41",@NacitaArnaar,"Terimakasih kak infonya",0,,
Ugyi8mnfFNcCYs-5g7N4AaABAg,0,0,"2024-12-25 06:34:18",@Adiatia-y7v,"Mohon banguanya",0,,
UgygRQhsYCgErd7YTW14AaABAg,1,0,"2024-12-21 18:34:59",@cibe4you,"KALO A2F NYA BUG GIMANA BANG, TOLONG BANTU JAWAB BANG",0,,
UgygRQhsYCgErd7YTW14AaABAg.ACJx8rpQ-P5ACKhV3AfTY0,,0,"2024-12-22 01:37:26",@makinVIRAL,"Bug gimana dulu.. Pakai SMS atau aplikasi",1,UgygRQhsYCgErd7YTW14AaABAg,@cibe4you
UgzN6a8UrIB4M78lioV4AaABAg,0,0,"2024-12-13 20:38:19",@Muhsin02-f7h,"Bnr sekali.banyak sekali mengebu2 memburu fb pro.tpi lupa dgn keamanan fb itu sndr.karena fb mudah di bajak.takut nya fb pro sudah baik dalam hal konten.tdk tau nya kena bajak",0,,
UgxA8OvyhURk9ghhNpZ4AaABAg,0,1,"2024-11-19 08:19:02",@yulianiani6624,"terimakasih abang",0,,
Ugwt7_0ekZw8Fq_r6X54AaABAg,0,0,"2024-11-16 15:15:38",@sahidhidin4366,"Masalahmya kata sandinya dah lupa😭gimana prnh nyoba login kok katanya sandi salah.. Mana nmr yamg buat daftar sudah mati.. Dan juga blom pernah update sandi selma pembuatan dri thn 2021",0,,
Ugw22lYCpK0lP6kwx094AaABAg,1,0,"2024-11-16 06:55:56",@MbahTua-v7p,"Di yakinin orang yg liat ginian buat akun epep 🗿",0,,
Ugw22lYCpK0lP6kwx094AaABAg.AAt_KCMZABBAAx7Jd3EiTT,,0,"2024-11-17 15:59:24",@wowotek7397,Yoi,1,Ugw22lYCpK0lP6kwx094AaABAg,@MbahTua-v7p
UgxY9_W2tcK3PHXw2M94AaABAg,1,0,"2024-11-11 00:54:36",@matzafuan1505,"Nfon sya kena hack.. Sya log in boleh masok balik mcmna ya.. Ok ka tu",0,,
UgxY9_W2tcK3PHXw2M94AaABAg.AAg3-Mt4eZpAAg3gC_-9cC,,0,"2024-11-11 01:00:35",@makinVIRAL,"Coba di perjelas",1,UgxY9_W2tcK3PHXw2M94AaABAg,@matzafuan1505
Ugxm7wiTN5TnTY5JnEV4AaABAg,0,1,"2024-11-06 14:15:14",@paudbungabangsamegucilik-c5739,"Saya ga bisa menambahkan keamanan ekstra atau autentik 2 faktor penyebabnya apa ya?dan apa yang harus dilakukan?",0,,
UgyRO13TRlx_xydNKa54AaABAg,0,0,"2024-10-31 11:37:42",@Orochimaru39559,"Fb kaya tai,, Tiap sehabis posting status, dan koment di akun orang lain, tiba tiba sesi login habis, dan setelah itu akun di kunci🤣🤣 Semua itu terjadi setelah gua gabung fb pro 😒",0,,
UgwM6u0qZ5D8tg9gd-94AaABAg,1,1,"2024-10-26 01:15:41",@storyhitamputih,"Bang saya sudah coba cara ini kemarin,tapi tadi pagi akun kembali di kunci karena ada yang retas,tapi ada notif bahwa autentifikasi gagal,,itu gimana ya",0,,
UgwM6u0qZ5D8tg9gd-94AaABAg.AA1tgng-juOAGRuEQaLCrI,,0,"2025-04-03 06:49:01",@Jenoo2140,"Itu artinya akunnya aman karna kekunci, lu kalo dh nyimpen email di akun fbnya ya tinggal dibuka aja kuncinya",1,UgwM6u0qZ5D8tg9gd-94AaABAg,@storyhitamputih
UgyD8S84OMfT2bC7ZjZ4AaABAg,4,1,"2024-10-25 03:58:31",@Vannzz9999,"KESINI GARA GARA FF🤣",0,,
UgyD8S84OMfT2bC7ZjZ4AaABAg.AA-bXYaj_SvAAlOzaK-fOU,,0,"2024-11-13 02:42:56",@MarleyAldo,😂😂😂😂😂,1,UgyD8S84OMfT2bC7ZjZ4AaABAg,@Vannzz9999
UgyD8S84OMfT2bC7ZjZ4AaABAg.AA-bXYaj_SvABBFG5sqW9c,,0,"2024-11-23 12:57:26",@MUHAMMADDHANIESAIDILMUZAMMIL,"😂😂 jelas",1,UgyD8S84OMfT2bC7ZjZ4AaABAg,@Vannzz9999
UgyD8S84OMfT2bC7ZjZ4AaABAg.AA-bXYaj_SvACRINnrjb2T,,0,"2024-12-24 15:03:57",@KyySigmaaa,"Iya cok gw abis beli di hb 🗿",1,UgyD8S84OMfT2bC7ZjZ4AaABAg,@Vannzz9999
UgyD8S84OMfT2bC7ZjZ4AaABAg.AA-bXYaj_SvACRJ55u8UoW,,0,"2024-12-24 15:10:08",@MUHAMMADDHANIESAIDILMUZAMMIL,"@Ikymewing  wkwkw",1,UgyD8S84OMfT2bC7ZjZ4AaABAg,@Vannzz9999
UgzcrOszuCZvs5XOUNJ4AaABAg,4,0,"2024-10-25 00:54:56",@ladytoon99,"Bang lebih aman yg mana autentikasi 2 faktor nya Mending oke autentikasi google, no hp atau kunci kode bang ?",0,,
UgzcrOszuCZvs5XOUNJ4AaABAg.AA-HWvhSyU8AA9m7-9DDXC,,0,"2024-10-29 02:43:25",@UsMen-mk6jq,"Lebih aman nomer kita kalo apk masih ada",1,UgzcrOszuCZvs5XOUNJ4AaABAg,@ladytoon99
UgzcrOszuCZvs5XOUNJ4AaABAg.AA-HWvhSyU8AAAKlENBIn2,,0,"2024-10-29 07:54:53",@ladytoon99,"​@UsMen-mk6jqoke bang terimakasih saranya 🙏",1,UgzcrOszuCZvs5XOUNJ4AaABAg,@ladytoon99
UgzcrOszuCZvs5XOUNJ4AaABAg.AA-HWvhSyU8AAAL7js8E6-,,0,"2024-10-29 07:58:05",@UsMen-mk6jq,"@ladytoon99 oke👌",1,UgzcrOszuCZvs5XOUNJ4AaABAg,@ladytoon99
UgzcrOszuCZvs5XOUNJ4AaABAg.AA-HWvhSyU8AAlPwY0PXbq,,0,"2024-11-13 02:51:15",@MarleyAldo,"Iya ini yg gua maksud..tapi klo menurut gua klo fb mah..ga usah pake email2 segala..cukup nomor telpon wkwk",1,UgzcrOszuCZvs5XOUNJ4AaABAg,@ladytoon99
Ugxu3lVFfsqYVbElGYV4AaABAg,0,0,"2024-10-24 15:32:53",@IfranMustamin-b3v,"Saya udah ganti nomor ya gimana ni kaka",0,,
Ugw-QtdI-f61KEPEvvJ4AaABAg,5,9,"2024-10-22 05:53:24",@yoiihans106,"Saya udah auto pengamanan lengkap, udah 7 x di-hack, aqun saya dijadikan jual judi online, email, no hp, nama semua diganti 😞😞 , skrng ga kebuka, itu aqun dari 2007 😭😭 , bnyk kenangan disana foto² klrg, yg skrng udah tiada,,",0,,
Ugw-QtdI-f61KEPEvvJ4AaABAg.A9t5IMSPbIrACLRf3TlwtX,,0,"2024-12-22 08:29:38",@sudirmanudis184,"Apakah kamu menggunakan dgn cara diatas kk",1,Ugw-QtdI-f61KEPEvvJ4AaABAg,@yoiihans106
Ugw-QtdI-f61KEPEvvJ4AaABAg.A9t5IMSPbIrAFoelj9c9xe,,0,"2025-03-18 15:44:17",@wennycahyani9273,"Samaaa 😭",1,Ugw-QtdI-f61KEPEvvJ4AaABAg,@yoiihans106
Ugw-QtdI-f61KEPEvvJ4AaABAg.A9t5IMSPbIrAGRsqhfuoqA,,0,"2025-04-03 06:36:55",@Jenoo2140,"Lu ga make cara sama yang abang ini bagi, lu udh di hack terus nonton ini",1,Ugw-QtdI-f61KEPEvvJ4AaABAg,@yoiihans106
Ugw-QtdI-f61KEPEvvJ4AaABAg.A9t5IMSPbIrAW5NwyUt5tu,,0,"2026-04-27 05:17:10",@NilamCahya-x6j,"Aku jg sudah bgtu tapi ttep aja di hak .gimna ni",1,Ugw-QtdI-f61KEPEvvJ4AaABAg,@yoiihans106
Ugw-QtdI-f61KEPEvvJ4AaABAg.A9t5IMSPbIrAWJPFe7rLZx,,0,"2026-05-02 15:57:57",@Album_Musik_Indonesia,"Akunku juga😢",1,Ugw-QtdI-f61KEPEvvJ4AaABAg,@yoiihans106
UgzM6spnb-T5BZhT6sp4AaABAg,0,0,"2024-10-09 18:28:02",@amelMuktar,"Trimakasih bang",0,,
UgzWDgrPsOjYOPlh16l4AaABAg,0,0,"2024-10-09 01:06:01",@aisyahrsofficial96,"Bang saya mau ganti nama akun fb pro saya tapi tidak bisa katanya ""pemeriksaan keamanan untuk akun saya diperlukan untuk melanjutkan"" Itu gimana ya bang. Akun fbpro saya terkunci tapi tidak ada pilih utk buka akun di fb pro saya",0,,
UgxndYmne2uGX0Ap6W54AaABAg,4,4,"2024-10-01 21:11:00",@gendhisamartya,"Aku baru kenak hack penipu aku gk sengaja klik tautan pelanggaran yg ada notif identy pemulihan..gila langsng kek hack,no hp yg tarcatum d akun kartunya sdh gk ada,emailnya jg gk ingat cm sandinya aja ingat,gmna ya pulihkan lagi kak😢",0,,
UgxndYmne2uGX0Ap6W54AaABAg.A93ebixVBH7A9yyExvFiu_,,0,"2024-10-24 12:38:28",@EllaCbr,"Sama bang,aku juga udh 3 Minggu kena hack,gara"" ada link ya seolah dari pihak meta,..mana akun nya di salah gunakan",1,UgxndYmne2uGX0Ap6W54AaABAg,@gendhisamartya
UgxndYmne2uGX0Ap6W54AaABAg.A93ebixVBH7ADhg_Kjf0B1,,0,"2025-01-25 05:42:35",@AngelicaStevany-o7b,"Sama kak aq udah 3 hari kena hack aq gk sengaja klik tautan pelanggaran saya kira benar dari pihak meta😢",1,UgxndYmne2uGX0Ap6W54AaABAg,@gendhisamartya
UgxndYmne2uGX0Ap6W54AaABAg.A93ebixVBH7AEKIinvEded,,0,"2025-02-09 14:55:03",@hasnawatinainanet675,"Sama kk akun ku juga yg satu kemarin kyk gitu 😢😢😢😢 pdhal pendapatan dari kejora udh byk bngtt ..malah di hacker sama penipuan",1,UgxndYmne2uGX0Ap6W54AaABAg,@gendhisamartya
UgxndYmne2uGX0Ap6W54AaABAg.A93ebixVBH7ATIzAyH5e_X,,0,"2026-02-16 22:27:12",@you-tj3tv,"Sama Akun saya yg sdh 20 tahun juga kehack Saya bukan konten kreator Tapi sedih aja akun tu kehack",1,UgxndYmne2uGX0Ap6W54AaABAg,@gendhisamartya
UgzUmruEAst_CTVQGP94AaABAg,0,0,"2024-09-18 11:52:39",@bunhauws5736,"bang kalau udah masuk di messenger orang lain apa bisa keluar dari fb saya ?",0,,
UgwixHBu_LCY333hz4t4AaABAg,0,0,"2024-09-08 03:59:22",@yulikadwi1365,"Pak kalo fb itu apa harus tautkan email jga",0,,
UgwBt5Kc9eztNXLmrLV4AaABAg,1,0,"2024-09-07 20:53:08",@FarDa-j6y,"anak ff pasti lihat😂😂😂",0,,
UgwBt5Kc9eztNXLmrLV4AaABAg.A85pUtgF4qxA8n5pOBlKSi,,0,"2024-09-25 01:31:13",@dasp4927,"Wkwkwkwk iya bang terutama yang kena scamers 🤣",1,UgwBt5Kc9eztNXLmrLV4AaABAg,@FarDa-j6y
UgxzIlAgi340eRzKV_J4AaABAg,0,0,"2024-08-31 01:45:01",@TekiroHokya,"Berarti gw udah bener maksih bang😂",0,,
UgzczCx8L1OU9CxN_pt4AaABAg,0,1,"2024-08-26 06:28:42",@fadill-p1x,"Saya setiap menjawab pesan org dkotak pesan kenapa ya bang lansung hilang gayak diblokir gitu sih sampai hilang propil nya padahal saya tak ada blokir dia",0,,
UgyhwLRL27H1cJE35dZ4AaABAg,0,0,"2024-08-24 06:14:45",@NartiSuherti-y9h,"Barusan bgt ke heck",0,,
UgwAUqk2gJ1KkkHcFER4AaABAg,2,1,"2024-08-24 05:49:38",@rosidinmekaki7471,"Coba bikin video, cara pasang centang biru di halaman Facebook, bukan di halaman Facebook, terimakasih",0,,
UgwAUqk2gJ1KkkHcFER4AaABAg.A7W9yBGLcCJA7WALfhGfJK,,0,"2024-08-24 05:52:59",@makinVIRAL,"Maksudnya gimana??",1,UgwAUqk2gJ1KkkHcFER4AaABAg,@rosidinmekaki7471
UgwAUqk2gJ1KkkHcFER4AaABAg.A7W9yBGLcCJA7WC3btvUlw,,0,"2024-08-24 06:08:00",@rosidinmekaki7471,"@makinVIRAL cara verifikasi centang biru di halaman om, bukan di Facebook pro",1,UgwAUqk2gJ1KkkHcFER4AaABAg,@rosidinmekaki7471
UgwjObpx9hVQb60GpL54AaABAg,0,0,"2024-08-16 11:31:54",@Dewanti-l3l,"Klo pake SMS pake pulsa ga y om",0,,
Ugx4hvIGW38FKa89mjN4AaABAg,0,0,"2024-08-13 14:35:49",@MasAthaa-c3t,"Bang mau nanya, akunya bekas di pake orang banyak, belum bisa ganti kata sandi, eh taunya ada yang login udah di kick, email di ganti pun jadi ga bisa, kalo semisal aktif in verifikasi 2 langkah bakal ke sesi kunci ga?",0,,
UgznLtzjKlamRSkcT0p4AaABAg,6,2,"2024-08-10 08:08:10",@nettyetty8560,"Punya saya baru aja di bajak orang tapi langsung saya laporkan Alhamdulillah balik lagi",0,,
UgznLtzjKlamRSkcT0p4AaABAg.A6xMgbT-0zNA6xkhtdiNcS,,0,"2024-08-10 11:46:48",@makinVIRAL,Alhamdulillah,1,UgznLtzjKlamRSkcT0p4AaABAg,@nettyetty8560
UgznLtzjKlamRSkcT0p4AaABAg.A6xMgbT-0zNA7Z2bg_GT-l,,0,"2024-08-25 08:43:07",@pandumaulana5260,"Cara melaporkan gimana kak",1,UgznLtzjKlamRSkcT0p4AaABAg,@nettyetty8560
UgznLtzjKlamRSkcT0p4AaABAg.A6xMgbT-0zNA7Z7LygVf5O,,0,"2024-08-25 09:24:32",@nettyetty8560,"@pandumaulana5260 laporkan masalah penipuan atau di retas langsung laporkan ke pihak fb nanti di jawab pihak fb",1,UgznLtzjKlamRSkcT0p4AaABAg,@nettyetty8560
UgznLtzjKlamRSkcT0p4AaABAg.A6xMgbT-0zNABiiYFNEuhn,,0,"2024-12-06 22:16:14",@misriani-x4t,"Gmna cranya kk",1,UgznLtzjKlamRSkcT0p4AaABAg,@nettyetty8560
UgznLtzjKlamRSkcT0p4AaABAg.A6xMgbT-0zNABuq02W8JM7,,0,"2024-12-11 15:12:22",@nettyetty8560,"@misriani-x4t Masuk ke pengaturan laporkan masalah",1,UgznLtzjKlamRSkcT0p4AaABAg,@nettyetty8560
UgznLtzjKlamRSkcT0p4AaABAg.A6xMgbT-0zNABuq3WA7Znw,,0,"2024-12-11 15:12:50",@nettyetty8560,"@makinVIRAL Iya bang Alhamdulillah",1,UgznLtzjKlamRSkcT0p4AaABAg,@nettyetty8560
UgxQp5H7CFuAA-VWek14AaABAg,0,0,"2024-07-17 09:39:27",@ribkaamimsayadiberkatisete3933,"Bang saya tidak bisa",0,,
UgyKp42IUm-Mzy3-68R4AaABAg,0,5,"2024-06-13 02:48:03",@kelyatased,"terimakasih bang sangat bermanfaat udah ku subscribe dan like bang",0,,
UgwKn7jkmCMEkyUy_sx4AaABAg,0,0,"2024-06-11 11:24:25",@GestiMarthasari,"Aku 2 hari yg lalu fb pro kena hack trus orang tu melakukan penipuan lewat messenger mintak transfer uang mengatas namakan rafi ahmad",0,,
UgxlvacjKiH2HiR2vcV4AaABAg,0,0,"2024-06-01 22:26:12",@rikorevan2048,"Alhamdulillah, makasih bang tutorialnya, undah aku subscribe",0,,
UgxUGOLkPtF0zksTyAh4AaABAg,3,2,"2024-06-01 15:52:33",@miqdadrazakhasim1130,"bang saya udah aktifkan a2f tpi kenapa orang lain masih bisa bobol?",0,,
UgxUGOLkPtF0zksTyAh4AaABAg.A48xBZDL4_xAAlPW2ctK2i,,0,"2024-11-13 02:47:30",@MarleyAldo,"Aktifin pengingat login..karena a2f dia bisa ngakali tambahin nomor yg dia punya lewat gugel..palagi itu klo fb bekas dia..",1,UgxUGOLkPtF0zksTyAh4AaABAg,@miqdadrazakhasim1130
UgxUGOLkPtF0zksTyAh4AaABAg.A48xBZDL4_xAStQep7FlwO,,0,"2026-02-06 14:56:35",@azzulf4,"​@MarleyAldoklau sudah aktifin pengingat login insyaallah aman ya kak???",1,UgxUGOLkPtF0zksTyAh4AaABAg,@miqdadrazakhasim1130
UgxUGOLkPtF0zksTyAh4AaABAg.A48xBZDL4_xAStQhHQ04Ww,,0,"2026-02-06 14:56:55",@azzulf4,"Klu mau login hrus izin akun yg on",1,UgxUGOLkPtF0zksTyAh4AaABAg,@miqdadrazakhasim1130
UgwP7TWpOm8ge7r8T4p4AaABAg,15,9,"2024-06-01 15:02:12",@salwaanjany505,"Akun aku baru di hack. Dan itu akun jualan pulak. Anehnya udah di laporkan 100 org juga pihak FB selow aja.emang gk ada aman2 nya Sedih 😢😢 dibikin akun Kuis BAIMWONG. Wong jahat yg ada.",0,,
UgwP7TWpOm8ge7r8T4p4AaABAg.A48rQiwPq0hA4YDhTnf2ng,,3,"2024-06-11 11:26:37",@GestiMarthasari,"Sama kk aku jg kena hack di buat kuis atas nama rafi ahmad",1,UgwP7TWpOm8ge7r8T4p4AaABAg,@salwaanjany505
UgwP7TWpOm8ge7r8T4p4AaABAg.A48rQiwPq0hA5FuC923ns-,,2,"2024-06-29 05:12:30",@handaru2735,"​@GestiMarthasarisama nih,, baru aja kmrn akunku gk bisa dibuka,, trnyta sdh ada yg buat posting giveaway dr Raffi Ahmad,, dibuat nipu2 kykny,, aq buat postingan tentang akin itu akhirnya td pagi t cek sdh hilang gk ada akunnya",1,UgwP7TWpOm8ge7r8T4p4AaABAg,@salwaanjany505
UgwP7TWpOm8ge7r8T4p4AaABAg.A48rQiwPq0hA5TTzAtqYNR,,0,"2024-07-04 11:44:02",@Wati_official675,"Sama teh aku juga kena heck. Giveaway mengatas namakan baim wong😢😢😢",1,UgwP7TWpOm8ge7r8T4p4AaABAg,@salwaanjany505
UgwP7TWpOm8ge7r8T4p4AaABAg.A48rQiwPq0hA5zVgaR_gKt,,0,"2024-07-17 07:33:54",@lisari1446,"Aku baru mengalaminya juga kak har ini di bajak di bkin gave away Baim wong.sedih rasanya jadi gak semangat harus buat akun baru lagi harus memulai baru lagi 😢",1,UgwP7TWpOm8ge7r8T4p4AaABAg,@salwaanjany505
UgwP7TWpOm8ge7r8T4p4AaABAg.A48rQiwPq0hA6FPvvEClDL,,0,"2024-07-23 21:10:39",@endangsulastri7705,"sama kak aku batusan di hack Alhamdulillah dah pulih",1,UgwP7TWpOm8ge7r8T4p4AaABAg,@salwaanjany505
UgwP7TWpOm8ge7r8T4p4AaABAg.A48rQiwPq0hA6ZIIZ9joL7,,2,"2024-07-31 14:28:48",@Satrio.madang.sego.c,"Makan ny jgn asal buka link .sangat berbahay",1,UgwP7TWpOm8ge7r8T4p4AaABAg,@salwaanjany505
UgwP7TWpOm8ge7r8T4p4AaABAg.A48rQiwPq0hA6_j0eaQbyl,,1,"2024-08-01 03:50:15",@KandangKPR,"​@endangsulastri7705 gimana caranya kk",1,UgwP7TWpOm8ge7r8T4p4AaABAg,@salwaanjany505
UgwP7TWpOm8ge7r8T4p4AaABAg.A48rQiwPq0hA7hyXubZNHX,,0,"2024-08-29 05:11:11",@City-d4c,"Gimana caranya KK ,,🙏🙏🙏​@endangsulastri7705",1,UgwP7TWpOm8ge7r8T4p4AaABAg,@salwaanjany505
UgwP7TWpOm8ge7r8T4p4AaABAg.A48rQiwPq0hA82K_RcvYGP,,1,"2024-09-06 12:16:33",@nunuksetiawati3930,"sma fbku di hack buat give away,ga rekomen udah fb skrg mah.😢",1,UgwP7TWpOm8ge7r8T4p4AaABAg,@salwaanjany505
UgwP7TWpOm8ge7r8T4p4AaABAg.A48rQiwPq0hA8668V6q0f4,,0,"2024-09-07 23:27:22",@beritadcerita,"Terus Poto kita terpangpang disitu.trus kita bikin lagi akun.apa g masalah apa.aku juga Bru mengalmi nya.sdah bnyk follow sedih aku.ga semngt rasanya​@lisari1446",1,UgwP7TWpOm8ge7r8T4p4AaABAg,@salwaanjany505
UgwP7TWpOm8ge7r8T4p4AaABAg.A48rQiwPq0hA979ElR8U3I,,1,"2024-10-03 05:45:04",@SilviaTutimardini-z2m,"Aku baru kena hack giveaway penipuan rafi ahmad 😭",1,UgwP7TWpOm8ge7r8T4p4AaABAg,@salwaanjany505
UgwP7TWpOm8ge7r8T4p4AaABAg.A48rQiwPq0hA979QpchK0O,,0,"2024-10-03 05:46:43",@SilviaTutimardini-z2m,"​@handaru2735aku baru saja mengalami nya gimna solusinya biar akun aman ya ampun jahat bgt dibikin buat penipuan rafi ahmad",1,UgwP7TWpOm8ge7r8T4p4AaABAg,@salwaanjany505
UgwP7TWpOm8ge7r8T4p4AaABAg.A48rQiwPq0hAAlOqEu1m_Z,,0,"2024-11-13 02:41:39",@MarleyAldo,"Itu mah karena buka link sembarangan..",1,UgwP7TWpOm8ge7r8T4p4AaABAg,@salwaanjany505
UgwP7TWpOm8ge7r8T4p4AaABAg.A48rQiwPq0hADfOmH_qbFT,,0,"2025-01-24 08:19:51",@dahlias4568,"​@endangsulastri7705caranya kak gmn",1,UgwP7TWpOm8ge7r8T4p4AaABAg,@salwaanjany505
UgwP7TWpOm8ge7r8T4p4AaABAg.A48rQiwPq0hAKlbFjf6WDZ,,0,"2025-07-19 17:52:48",@Atik-lg9oc,"Kok sama kk sama q😢😢",1,UgwP7TWpOm8ge7r8T4p4AaABAg,@salwaanjany505
Ugz22KQFbq652D4Zx-N4AaABAg,0,1,"2024-05-30 03:43:48",@evikambay755,"Tidak mempan bang, saya ganti sandi setiap Minggu",0,,
UgwbAGHwvy9mWBxJ1_h4AaABAg,4,1,"2024-05-27 08:29:54",@akagamileader01,"Beda cerita kalo hackernya pake i phone 🤣 Mau sekuat apapun ke amananya Udah ganti sandi Ganti email Dll Msh ke jebol dan akun sudah pindah tangan Pernah ngalamin 2 bulan lalu",0,,
UgwbAGHwvy9mWBxJ1_h4AaABAg.A3wHZ7_5ZGaA3wdhlw2pWz,,0,"2024-05-27 11:52:12",@makinVIRAL,"Belum tentu,semua daa penyebab nya",1,UgwbAGHwvy9mWBxJ1_h4AaABAg,@akagamileader01
UgwbAGHwvy9mWBxJ1_h4AaABAg.A3wHZ7_5ZGaA3wegKueGS4,,0,"2024-05-27 12:00:45",@akagamileader01,"@makinVIRAL yg pling pnting hpus identitas Jika hasil beli Dan bikin iden baru pake ktp",1,UgwbAGHwvy9mWBxJ1_h4AaABAg,@akagamileader01
UgwbAGHwvy9mWBxJ1_h4AaABAg.A3wHZ7_5ZGaA4xBSnSe5em,,0,"2024-06-21 13:27:15",@meliaalha9338,"Bener bun akun ku baru aja di hack pake i pone",1,UgwbAGHwvy9mWBxJ1_h4AaABAg,@akagamileader01
UgwbAGHwvy9mWBxJ1_h4AaABAg.A3wHZ7_5ZGaAAlPCTwpAgm,,0,"2024-11-13 02:44:50",@MarleyAldo,"Tapi klo akun yg lama berasal bukan dari iphone dia bisa ambil lagi gk..contoh hp infinix gitu..soal aku beli akun..udah aktif autentikasi nya juga",1,UgwbAGHwvy9mWBxJ1_h4AaABAg,@akagamileader01
UgxGA9Ys2-IOOG_ykop4AaABAg,0,0,"2024-05-19 13:41:21",@Pukimai__kontolloyo,"GK ngaruh sat malah kena sesi gw 🗿",0,,
UgxsVLCE0iD-wx3gI8d4AaABAg,1,2,"2024-05-19 01:16:00",@SirajasonangGultom-fb8jo,"Punyaku juga, akun ku dibajak orang sedih udah cape",0,,
UgxsVLCE0iD-wx3gI8d4AaABAg.A3auYBVqxQiA6gCgD_udHE,,0,"2024-08-03 16:13:39",@atienatien9975,"ka ciri fb di hack ky gmn",1,UgxsVLCE0iD-wx3gI8d4AaABAg,@SirajasonangGultom-fb8jo
UgzmMQNX29DHOLOhUlh4AaABAg,0,0,"2024-05-01 07:39:53",@Bangrirf,"Bang kemarin temen gw akun FB nya di hack",0,,
UgzFNS0Ua_EbKpjCEiZ4AaABAg,0,1,"2024-04-26 03:32:03",@amransidauruk,"Mas kenapa gak dibuatkan cara siapkan kunci keamanan nya",0,,
Ugx7Ul7CvxFLPza26Tl4AaABAg,0,0,"2024-04-21 23:55:44",@virkannugi,"Bg gmn ya kok fb ku bsa di buka trus sm mntn ku udh ubah email, pw tp msh bsa di hack sma dia dgnti lg di gnti lg Biar aman gmna caranya",0,,
Ugzu4LDezfR4AuWipOF4AaABAg,1,2,"2024-04-18 14:42:19",@NOYANDRA,"saya banyak SMS isi nya kode semua bagai mana ini gawatttttttttt😭😭😭",0,,
Ugzu4LDezfR4AuWipOF4AaABAg.A2NXAgV1xIaA3QE-beJd4d,,0,"2024-05-14 12:23:54",@tajagmg8397,"Mnurut ku sih aman aja, btw sekarang gimna?",1,Ugzu4LDezfR4AuWipOF4AaABAg,@NOYANDRA
Ugw2uoLUwz1TpzWFPgh4AaABAg,3,0,"2024-04-18 12:35:05",@primaDona-xu3of,"ga ngaru kk😢😢 sering aku di bajak aku ganti imel ganti sandi ganti heran masih saja ke bobol😢",0,,
Ugw2uoLUwz1TpzWFPgh4AaABAg.A2NIbl1o34eA2OrwP5Djnq,,1,"2024-04-19 03:11:43",@makinVIRAL,"Aktif kan autentikasi dua faktor,hapus riwayat login",1,Ugw2uoLUwz1TpzWFPgh4AaABAg,@primaDona-xu3of
Ugw2uoLUwz1TpzWFPgh4AaABAg.A2NIbl1o34eA2vhvxaiYh1,,0,"2024-05-02 06:38:27",@NuryYani,"Waduh jadi ngerii q... Tp knp suhu² fb akun nya masih on semua yah.. Padahal dolar nya da pada bnyak",1,Ugw2uoLUwz1TpzWFPgh4AaABAg,@primaDona-xu3of
Ugw2uoLUwz1TpzWFPgh4AaABAg.A2NIbl1o34eAC-_98vIewy,,0,"2024-12-13 20:40:30",@Muhsin02-f7h,"​@makinVIRALbetul login kalau bisa jgn di smpn.mending di tulis aja.kalau di SMPN mudah bgt di bobol",1,Ugw2uoLUwz1TpzWFPgh4AaABAg,@primaDona-xu3of
UgyaJ9yep4KjDhdftj14AaABAg,1,5,"2024-04-14 01:48:13",@Rahmad1001,"Bang mau tanya, klo misalnya akun kita di hack trus kita lakuin cara itu apakah yg ngehack langsung ke logout dari akun kita?",0,,
UgyaJ9yep4KjDhdftj14AaABAg.A2BqPSpeYevA58tmFANHEN,,1,"2024-06-26 11:54:08",@RifandyManurung,"Memang nggak ke logout tapi si tukang hek itu gak bisa masuk lagi",1,UgyaJ9yep4KjDhdftj14AaABAg,@Rahmad1001
UgzYlRinkjPWyK2nkv14AaABAg,0,0,"2024-04-10 12:42:45",@AnnisaPadilla-u6q,"Bg akun saya tadi sempat kekunci",0,,
Ugzgp-Hjke62-GP034p4AaABAg,0,0,"2024-04-10 10:12:10",@Al-Dakwahislami,"Bang kalo pas kita beli akun FB terus orang nya gak bisa loginin akunya lagi saya yang bisa loginin gimana",0,,
UgyloJ4uV1FN3IqPf5x4AaABAg,0,1,"2024-04-03 11:05:55",@tinamarbun9449,"Plis cepat dijawab bg",0,,
Ugzv73ZHJuWikLD-oq94AaABAg,0,0,"2024-04-03 11:05:40",@tinamarbun9449,"Bg kalok gak bisa Autetikasi dua faktor gimana",0,,
UgyotkqVqMbWsZ61x0N4AaABAg,26,41,"2024-03-28 04:22:44",@ViviArtika,"||Saran|| Kyaknya fb klo mau aman verivikasi ktp dan langganan lencana biru gak tau knp skrng fb gampang si heck",0,,
UgyotkqVqMbWsZ61x0N4AaABAg.A1WL_KBsf53A1lCr9Z55Na,,2,"2024-04-03 08:14:23",@intro-verse9525,"Aku di juga di hack 2 perangkat untungnya akun aku gk ada apa² jdi aman",1,UgyotkqVqMbWsZ61x0N4AaABAg,@ViviArtika
UgyotkqVqMbWsZ61x0N4AaABAg.A1WL_KBsf53A2glQCb5ywU,,3,"2024-04-26 11:20:19",@ROTUA_THERESIA_PASARIBU,"HARUS LENcana biru yg berbayar baru aman berarti ya?",1,UgyotkqVqMbWsZ61x0N4AaABAg,@ViviArtika
UgyotkqVqMbWsZ61x0N4AaABAg.A1WL_KBsf53A3M7NUINch5,,1,"2024-05-12 22:09:02",@DoanSanjaya-zp2si,"Btul gua aja baru ini fi hacker tpi lucu x msih bsa masuk entah ap yg terjadi pd fb udh engga ad keamanan sma skli",1,UgyotkqVqMbWsZ61x0N4AaABAg,@ViviArtika
UgyotkqVqMbWsZ61x0N4AaABAg.A1WL_KBsf53A4rLhmNddpw,,0,"2024-06-19 07:01:22",@YuniWijayanti-vq2pe,"Bner kk",1,UgyotkqVqMbWsZ61x0N4AaABAg,@ViviArtika
UgyotkqVqMbWsZ61x0N4AaABAg.A1WL_KBsf53A5qvj1FxgnK,,0,"2024-07-13 23:37:00",@Dudung_Electronic,"​@DoanSanjaya-zp2si saat ini fb saya kena hack dan baru bosa d ambil, tp email si tukang hack nya malah gx bisa d hapus dr email fb saya, ini ke 2kalinya kena hack",1,UgyotkqVqMbWsZ61x0N4AaABAg,@ViviArtika
UgyotkqVqMbWsZ61x0N4AaABAg.A1WL_KBsf53A6Aaq0Gw5_B,,0,"2024-07-22 00:18:30",@setyanurrahman127,"Yups bener ​@DoanSanjaya-zp2si",1,UgyotkqVqMbWsZ61x0N4AaABAg,@ViviArtika
UgyotkqVqMbWsZ61x0N4AaABAg.A1WL_KBsf53A6EYY1L7jdK,,0,"2024-07-23 13:06:40",@Zero-ku1mp,"Aku jg, fb ku pdhl dideactived tp di hack. Sadarnya krna ig ku bru kena hack. Pdhl ig sama fb ku gak prnah ku sinkronisasi",1,UgyotkqVqMbWsZ61x0N4AaABAg,@ViviArtika
UgyotkqVqMbWsZ61x0N4AaABAg.A1WL_KBsf53A7cG_HsBnwZ,,0,"2024-08-27 00:02:05",@MaizaMiftahurRahma,"Sama kk​@DoanSanjaya-zp2si",1,UgyotkqVqMbWsZ61x0N4AaABAg,@ViviArtika
UgyotkqVqMbWsZ61x0N4AaABAg.A1WL_KBsf53A92qB7xRXDA,,0,"2024-10-01 13:32:51",@DelaAdelia-le1yg,"Punyaku barusan ilang kena hack",1,UgyotkqVqMbWsZ61x0N4AaABAg,@ViviArtika
UgyotkqVqMbWsZ61x0N4AaABAg.A1WL_KBsf53A93eMMO0ojg,,0,"2024-10-01 21:08:46",@gendhisamartya,"SM kak sedih banget gk bs msuk ,pdhl UD isi data smua NPWP data pribadi smua😢​@DelaAdelia-le1yg",1,UgyotkqVqMbWsZ61x0N4AaABAg,@ViviArtika
UgyotkqVqMbWsZ61x0N4AaABAg.A1WL_KBsf53A94R3-a51Ob,,0,"2024-10-02 04:23:02",@yunitafrederika2063,"Caranya bgmn kak​@DelaAdelia-le1yg",1,UgyotkqVqMbWsZ61x0N4AaABAg,@ViviArtika
UgyotkqVqMbWsZ61x0N4AaABAg.A1WL_KBsf53ABBCTC78hwQ,,2,"2024-11-23 12:33:01",@ayankqulala2012,"Ini banyak banget yg mau hack akun aku..mau apa coba..aneh beda beda hp",1,UgyotkqVqMbWsZ61x0N4AaABAg,@ViviArtika
UgyotkqVqMbWsZ61x0N4AaABAg.A1WL_KBsf53AD25-frrMXh,,0,"2025-01-08 16:37:26",@Gadget.nikunik,Betul,1,UgyotkqVqMbWsZ61x0N4AaABAg,@ViviArtika
UgyotkqVqMbWsZ61x0N4AaABAg.A1WL_KBsf53AD250bzAqRt,,0,"2025-01-08 16:37:34",@Gadget.nikunik,Betul,1,UgyotkqVqMbWsZ61x0N4AaABAg,@ViviArtika
UgyotkqVqMbWsZ61x0N4AaABAg.A1WL_KBsf53AD3zcF-_K_p,,0,"2025-01-09 10:20:09",@ayankqulala2012,"@ViviArtika FB aku juga banyak yg mau hack..akhirnya aku n9n aktifkan",1,UgyotkqVqMbWsZ61x0N4AaABAg,@ViviArtika
UgyotkqVqMbWsZ61x0N4AaABAg.A1WL_KBsf53AEmwKEGRb2c,,0,"2025-02-21 03:07:48",@herlinaherlina4614,"Aku pun sama dah berapa hari ini kena heck terus,",1,UgyotkqVqMbWsZ61x0N4AaABAg,@ViviArtika
UgyotkqVqMbWsZ61x0N4AaABAg.A1WL_KBsf53AFE2PeWpbK6,,1,"2025-03-04 01:08:26",@SaeLie-h8r,"Kirain fb aku aja ..heran nya udah berapa kali saya keluarkan dan langsung ganti sandi ttp bisa login ..capek udah gitu buat nontonin film jorok""",1,UgyotkqVqMbWsZ61x0N4AaABAg,@ViviArtika
UgyotkqVqMbWsZ61x0N4AaABAg.A1WL_KBsf53AFMAF5GS0RQ,,0,"2025-03-07 04:50:50",@FoodChanel-ej8oo,"Punyaku di hank bisa msuk sehari 10 orng tpi gk di apa2in aneh bngt",1,UgyotkqVqMbWsZ61x0N4AaABAg,@ViviArtika
UgyotkqVqMbWsZ61x0N4AaABAg.A1WL_KBsf53AHN7qvRYsLF,,0,"2025-04-26 06:51:57",@SaktiMuhamad-un6es,😂😂😂,1,UgyotkqVqMbWsZ61x0N4AaABAg,@ViviArtika
UgyotkqVqMbWsZ61x0N4AaABAg.A1WL_KBsf53AO2mB7CX5Yn,,0,"2025-10-09 08:48:48",@AiniBintiFulanah,"Iya bang. Punya ku juga di hack lohh. Bang . Dah lama di akun itu trus dah banyaaa pengikutnya jugaa udah banyaaak foto² kenangan dari aku blm nikah smpe nikah Sampek ada baby. Sayang bangeet looo akuuu. Trus udah GK bisa di buka akun fbkuuu ituuu. Jadi ya gimna lagii harus bikin abruuuu sedih tau",1,UgyotkqVqMbWsZ61x0N4AaABAg,@ViviArtika
UgyotkqVqMbWsZ61x0N4AaABAg.A1WL_KBsf53AO30QGOzpeT,,0,"2025-10-09 11:01:57",@AiniBintiFulanah,"Ha bener Iki mas e KTP KK aman Tp gimna caranyaa. Bang bantuu donk bang Mimin",1,UgyotkqVqMbWsZ61x0N4AaABAg,@ViviArtika
UgyotkqVqMbWsZ61x0N4AaABAg.A1WL_KBsf53AQGnk7X6VnW,,0,"2025-12-03 12:34:37",@AliZoya-b5y,"Kukira aku doang , Aku mah sampai drop gara gara di serang dr mesenjer teman semua PD Nerima video jorok ktny dr akunku , aku kaget GK tau dr MN itu video , samapi tutup akun FB pro padahal udah bnyk pengikut, bnyk postingan , gara akun FB aku sampai sakit ..",1,UgyotkqVqMbWsZ61x0N4AaABAg,@ViviArtika
UgyotkqVqMbWsZ61x0N4AaABAg.A1WL_KBsf53AS1nIn_dZXt,,0,"2026-01-16 09:44:56",@Astec.,"Kerja meta payah emang ngrusak",1,UgyotkqVqMbWsZ61x0N4AaABAg,@ViviArtika
UgyotkqVqMbWsZ61x0N4AaABAg.A1WL_KBsf53ASd7h44fUar,,0,"2026-01-31 07:03:01",@mbakyunjerman,"Punya ku 250k di hack.mereka bikin kopi an jadi yg centang biru dan aku masih bisa akses tapi pendapatan tidak masuk ke aku.. tolong gimana cara nya 🙏",1,UgyotkqVqMbWsZ61x0N4AaABAg,@ViviArtika
UgyotkqVqMbWsZ61x0N4AaABAg.A1WL_KBsf53AU9t-m1cMri,,0,"2026-03-10 06:11:28",@Ismiyana-k7r,"Kejadian aku smlam akun ku dihack ..mereka pada inbox2 orang dan menawarkan hadiah .. Pada kawan2 aku semua😢",1,UgyotkqVqMbWsZ61x0N4AaABAg,@ViviArtika
UgyotkqVqMbWsZ61x0N4AaABAg.A1WL_KBsf53AV6Jkpsj2-A,,0,"2026-04-02 17:28:24",@YusufalApandi,"​@mbakyunjermangampang itu kak",1,UgyotkqVqMbWsZ61x0N4AaABAg,@ViviArtika
UgzFEsOwrr5xEBPD5IN4AaABAg,6,1,"2024-03-22 11:55:47",@DikaRamadhan-mu5yi,"Bg akun saya di hack udah ganti sandi kok tetep bisa masuk yaa",0,,
UgzFEsOwrr5xEBPD5IN4AaABAg.A1HheEp856BA1OyYV7EqoM,,0,"2024-03-25 07:38:05",@KNKPTR,"itu gara gara device belum di hapus dari fb makanya auto masuk",1,UgzFEsOwrr5xEBPD5IN4AaABAg,@DikaRamadhan-mu5yi
UgzFEsOwrr5xEBPD5IN4AaABAg.A1HheEp856BA1VmmbBMZOP,,0,"2024-03-27 23:09:59",@Xylazine09,"​@KNKPTRbg device itu apa 🙏",1,UgzFEsOwrr5xEBPD5IN4AaABAg,@DikaRamadhan-mu5yi
UgzFEsOwrr5xEBPD5IN4AaABAg.A1HheEp856BA1dRvxY1fIq,,0,"2024-03-31 07:52:11",@cristianorandi6744,Handphone​@Xylazine09,1,UgzFEsOwrr5xEBPD5IN4AaABAg,@DikaRamadhan-mu5yi
UgzFEsOwrr5xEBPD5IN4AaABAg.A1HheEp856BA3BiCs5TUzI,,0,"2024-05-08 21:07:59",@danarbr0409,​@Xylazine09perangkat,1,UgzFEsOwrr5xEBPD5IN4AaABAg,@DikaRamadhan-mu5yi
UgzFEsOwrr5xEBPD5IN4AaABAg.A1HheEp856BA5NHWjyjTva,,0,"2024-07-02 01:59:43",@tanpanama7328,"@Xylazine09 hp",1,UgzFEsOwrr5xEBPD5IN4AaABAg,@DikaRamadhan-mu5yi
UgzFEsOwrr5xEBPD5IN4AaABAg.A1HheEp856BA68op41WmJu,,0,"2024-07-21 07:42:14",@ARFFFCAL,"Caranya gimana​@KNKPTR",1,UgzFEsOwrr5xEBPD5IN4AaABAg,@DikaRamadhan-mu5yi
UgwVpHRzLCaZDKu6Ssx4AaABAg,0,0,"2024-03-22 07:50:28",@fdlnz19,"Bang kalo cara nya dipake sekarang kena sesi ga",0,,
UgynQSUdCmLpcP4Ux554AaABAg,1,1,"2024-03-20 14:02:48",@AkunSaya-z3e,"Gimana klo di suruh nunggu beberapa saat karma lokasi baru gimana bg?",0,,
UgynQSUdCmLpcP4Ux554AaABAg.A1CmaqaIvHsA3KcG_yYB7z,,0,"2024-05-12 08:09:14",@Reyajah,"Kita sama",1,UgynQSUdCmLpcP4Ux554AaABAg,@AkunSaya-z3e
UgyRzzkiG8EQeSLOrH54AaABAg,0,1,"2024-03-17 10:42:02",@Taufikk25,"Kl a2f ny bug gmn?",0,,
UgwDrPLdD9cIpUFrBYJ4AaABAg,0,1,"2024-03-17 07:48:20",@Dannshshsh,"Yang teks itu bisa pake nomer wa kah bg?",0,,
UgyqveeunLPmuaGf35x4AaABAg,7,11,"2024-03-14 06:51:17",@nanikwahyuni7489,"Terimakasih bang.. saya trauma karena akun saya hilang tiba 2 dan sama sekali gak bisa di akses.. semoga sekarang bisa aman..",0,,
UgyqveeunLPmuaGf35x4AaABAg.A0xZS5KUnY8A12BkhGwaAD,,2,"2024-03-16 11:19:42",@TaniaIranadewi,"Sama bun, sekarangke 2 akun saya hilang padahal dollarnya sdh ada",1,UgyqveeunLPmuaGf35x4AaABAg,@nanikwahyuni7489
UgyqveeunLPmuaGf35x4AaABAg.A0xZS5KUnY8A6_iXrLGCWe,,0,"2024-08-01 03:46:03",@KandangKPR,"Alasannya knapa bg?​@TaniaIranadewi",1,UgyqveeunLPmuaGf35x4AaABAg,@nanikwahyuni7489
UgyqveeunLPmuaGf35x4AaABAg.A0xZS5KUnY8A9axZZ3PS3W,,0,"2024-10-15 04:50:47",@Azura_ruby,"​sellafuakalo boleh tau penyebabnya apa bisa di hack",1,UgyqveeunLPmuaGf35x4AaABAg,@nanikwahyuni7489
UgyqveeunLPmuaGf35x4AaABAg.A0xZS5KUnY8AG829Xd_9gk,,0,"2025-03-26 13:42:11",@RyantiAna-ms2xh,"Dihack terus buat nipu,soalnya fbku gitu tiba tiba gak bisa diakses ,eh malah buat nipu teman temanku dengan total 60 jt lbh​@Azura_ruby",1,UgyqveeunLPmuaGf35x4AaABAg,@nanikwahyuni7489
UgyqveeunLPmuaGf35x4AaABAg.A0xZS5KUnY8AGAdOZbRBdS,,0,"2025-03-27 13:54:46",@UmrBla,"Sm bun .jengkel rasanya .​@TaniaIranadewi",1,UgyqveeunLPmuaGf35x4AaABAg,@nanikwahyuni7489
UgyqveeunLPmuaGf35x4AaABAg.A0xZS5KUnY8AGEQDsZMrjR,,0,"2025-03-29 01:07:56",@RehanErlangga-y4c,"Sama ni",1,UgyqveeunLPmuaGf35x4AaABAg,@nanikwahyuni7489
UgyqveeunLPmuaGf35x4AaABAg.A0xZS5KUnY8AHzUWRDLkJL,,0,"2025-05-11 13:40:22",@rekawatirekawati614,"Aku jga bun.dpt hecker..dollar dah ada.pengikut dah lumayan.dah D MK​@TaniaIranadewi",1,UgyqveeunLPmuaGf35x4AaABAg,@nanikwahyuni7489
UgyFUtCBQ5_5_XHOM3Z4AaABAg,4,0,"2024-03-11 01:37:54",@Zakie1714,"Kalau hacker nya Hb profil akun Facebook kita gimana bang?",0,,
UgyFUtCBQ5_5_XHOM3Z4AaABAg.A0pHCASJE8pA0peh16w7Kl,,0,"2024-03-11 05:11:58",@makinVIRAL,"Emang akunya siapa",1,UgyFUtCBQ5_5_XHOM3Z4AaABAg,@Zakie1714
UgyFUtCBQ5_5_XHOM3Z4AaABAg.A0pHCASJE8pA0pfYDy6WM-,,0,"2024-03-11 05:19:22",@Zakie1714,"Oh, pertama aku beli akun Facebook sama orang lain, terus aku tukar tambah akun sama orang lain juga, tapi pas aku mau log in akun FB nya gak ada email aku sama nomor telepon aku, udh gak terkait lagi sama akun Facebook nya, udah dihapus sama orangnya, terus setelah hampir satu bulan aku laporkan profil akun yang kena bajak/hack sama orang itu, udh bisa balik lagi tapi aku takut orang yang ngehack akun aku laporkan profil akun ku jadi akunnya bisa balik ke orang nya",1,UgyFUtCBQ5_5_XHOM3Z4AaABAg,@Zakie1714
UgyFUtCBQ5_5_XHOM3Z4AaABAg.A0pHCASJE8pA0prroryBzU,,0,"2024-03-11 07:07:02",@makinVIRAL,"@Zakie1714 amanin seperti video",1,UgyFUtCBQ5_5_XHOM3Z4AaABAg,@Zakie1714
UgyFUtCBQ5_5_XHOM3Z4AaABAg.A0pHCASJE8pAAlQTPzNoal,,0,"2024-11-13 02:55:53",@MarleyAldo,"​​@makinVIRAL mo nanya bang..3 langkah itu udah pasti aman? Trus lebih bagus mana..pake email apa no hp..bantu jawab bang🙏🙏",1,UgyFUtCBQ5_5_XHOM3Z4AaABAg,@Zakie1714
Ugx8xL6LwWHhe4S7fCZ4AaABAg,2,1,"2024-03-10 02:33:10",@Abcd-q667r,"Bang knpa ya pas saya tambahkan email di menu notifikasi, trus pas udh di isi kode verifikasi nya, laman web nya ke refresh/muat ulang jadi di isi lagi alamat email nya tapi pas di isi lagi ""masukan alamat email yang valid dan coba lagi""... Nah trus saya coba cek profil pribadi cek email, email nya ternyata udh ada tercantum di profil, Itu hanya bug kah bang?? takut nya belum terdaftar email nya",0,,
Ugx8xL6LwWHhe4S7fCZ4AaABAg.A0mnj2KigYQA0mofxW1oQl,,0,"2024-03-10 02:41:29",@makinVIRAL,"Tutup FB nya..dan buka kembali..cek di FB..apakah sudah muncul atau belum email-nya di fb nya",1,Ugx8xL6LwWHhe4S7fCZ4AaABAg,@Abcd-q667r
Ugx8xL6LwWHhe4S7fCZ4AaABAg.A0mnj2KigYQA0mqvrp2K6i,,0,"2024-03-10 03:01:08",@Abcd-q667r,"@makinVIRAL Cek dimana bang? Di info kontak?",1,Ugx8xL6LwWHhe4S7fCZ4AaABAg,@Abcd-q667r
Ugw-4Zo3JieZfmwUb5x4AaABAg,0,0,"2024-03-07 12:06:38",@musicprojectchannel,"Tutor cara mengembalikan halaman facebook yg di hack bg, Karena fb page saya di hack Mohon bantuannya bg🙏🏻",0,,
UgyQwm9DemR5FbsyldR4AaABAg,2,0,"2024-03-04 08:22:10",@IndraKusuma-qo4vt,"Yang dibahas koq FB melulu padahal sudah pernah dibahas, yang lain donk seperti Instagram atau Gmail atau Yahoo yang belum diketahui orang lain....",0,,
UgyQwm9DemR5FbsyldR4AaABAg.A0YytwNBBjQA5mRDpnAUTp,,0,"2024-07-12 05:44:46",@lukmanfh,"yang rawan fb",1,UgyQwm9DemR5FbsyldR4AaABAg,@IndraKusuma-qo4vt
UgyQwm9DemR5FbsyldR4AaABAg.A0YytwNBBjQAAlQAM6nziJ,,0,"2024-11-13 02:53:17",@MarleyAldo,"Fb yg rawan",1,UgyQwm9DemR5FbsyldR4AaABAg,@IndraKusuma-qo4vt
UgxQUZPSdwOEIvEnQZ14AaABAg,1,0,"2024-03-01 09:10:06",@gustiayukomala6436,"Bang mau tanya,barusan aja aku nonton drama cina d fb, krna aku suka cerita nya n pengen tau lanjutan nya, ak cari2 judul nya d komen, dibales pake link, malah ak klik link nya,, itu bisa ke hack gak ya fb sampe ke semua aplikasi d hp.. 😭",0,,
UgxQUZPSdwOEIvEnQZ14AaABAg.A0RL-NnOSMkA0mpqN3p0Sj,,0,"2024-03-10 02:51:38",@Abcd-q667r,"Klo gak masukin sandi masuk link begituan gak apaa, klo bisa hack ke smua aplikasi tergantung aplikasi tersebut login pake akun fb gak, coba klik pengaturan,scroll ke bwh cari log aktifitas,cari informasi keamanan dan login, klik tempat anda login, kalo ada nama perangkat lain logout. Trus ganti kata sandi",1,UgxQUZPSdwOEIvEnQZ14AaABAg,@gustiayukomala6436
Ugyc_Wff7PNZpMYrzAR4AaABAg,2,0,"2024-02-29 17:07:47",@MasZjalL,"bg bisa ngambilin akun ku ga yg di hack org ku bayar deh bg tolong bg🙏🙏",0,,
Ugyc_Wff7PNZpMYrzAR4AaABAg.A0PbsAo0ga-A0QOx9aTm7T,,0,"2024-03-01 00:25:22",@makinVIRAL,"Mohon maaf saya tidak pernah buka jasa. Silahkan di coba seperti video saya di Chanel ini... pastikan Melengkapi persyaratan yang ada di dalam videonya agar berhasil",1,Ugyc_Wff7PNZpMYrzAR4AaABAg,@MasZjalL
Ugyc_Wff7PNZpMYrzAR4AaABAg.A0PbsAo0ga-A1WLAsTuD1N,,0,"2024-03-28 04:19:16",@ViviArtika,"Sini bang gw bnrin",1,Ugyc_Wff7PNZpMYrzAR4AaABAg,@MasZjalL
UgxXShwJXNroxkfXRfh4AaABAg,2,1,"2024-02-29 10:56:41",@ReFFGAMING,"Ganti sandi lewat pusat akun aman kah bg kaga kesesi?",0,,
UgxXShwJXNroxkfXRfh4AaABAg.A0OxOv0AiAKA0QP2rfEysB,,0,"2024-03-01 00:26:17",@makinVIRAL,"Aman .",1,UgxXShwJXNroxkfXRfh4AaABAg,@ReFFGAMING
UgxXShwJXNroxkfXRfh4AaABAg.A0OxOv0AiAKAAlQ8GvSq6K,,0,"2024-11-13 02:53:00",@MarleyAldo,"Mo kena sesi juga..tapi klo ente yg megang kode² notif nya mah..cukup dan aman..😂",1,UgxXShwJXNroxkfXRfh4AaABAg,@ReFFGAMING
UgyBwnyRwzwCFyxFdyR4AaABAg,6,2,"2024-02-29 05:29:17",@gindamuhamadrahman9580,"Telat bang akun gua seminggu yang lalu dah kena semua sesi di ganti email sandi padahal itu akun bagus",0,,
UgyBwnyRwzwCFyxFdyR4AaABAg.A0OMwDPFEZRA0ONJVav1Bk,,0,"2024-02-29 05:32:36",@makinVIRAL,"Tetap semangat",1,UgyBwnyRwzwCFyxFdyR4AaABAg,@gindamuhamadrahman9580
UgyBwnyRwzwCFyxFdyR4AaABAg.A0OMwDPFEZRA1WL5ARSraa,,1,"2024-03-28 04:18:29",@ViviArtika,"Itu gmpang cek gmail yg prna terkait buat akses lagi walau udh di ganti sandi email. Emailnya di hapus tpi yg jdi penyakit org yg perna login bisa masuk lg krna perna terkait emailnya sblmnya . Ini gw ada pnglaman dri bnrin akun fb adek gw udah 4x udah klur semua prngkat tpi ttp bisa d bjak lg krna dia lewat akses gmail",1,UgyBwnyRwzwCFyxFdyR4AaABAg,@gindamuhamadrahman9580
UgyBwnyRwzwCFyxFdyR4AaABAg.A0OMwDPFEZRA2LYVXhFzxU,,1,"2024-04-17 20:15:26",@INbae1,"​@ViviArtikaTrus cara ngamanin nya gmna k tolong informasi nya",1,UgyBwnyRwzwCFyxFdyR4AaABAg,@gindamuhamadrahman9580
UgyBwnyRwzwCFyxFdyR4AaABAg.A0OMwDPFEZRA2R3xE5yjih,,0,"2024-04-19 23:43:54",@nanikshofi1309,"Punyaku habis kena ada 400$ diganti di Rek dia semua😢.. Alhamdulillah untung aku sadar kalo aku ditipu.. Akunku dibobol dari FB dan email.. Akhirnya aku ganti Email baru dan sandi baru.. Tapi anehnya dia masih bisa merubah akunku jadi pembatasan",1,UgyBwnyRwzwCFyxFdyR4AaABAg,@gindamuhamadrahman9580
UgyBwnyRwzwCFyxFdyR4AaABAg.A0OMwDPFEZRA2gMoazndyx,,0,"2024-04-26 07:36:36",@TiaSaputra_channel,"​@ViviArtikatrus cara amaninya gmn dong",1,UgyBwnyRwzwCFyxFdyR4AaABAg,@gindamuhamadrahman9580
UgyBwnyRwzwCFyxFdyR4AaABAg.A0OMwDPFEZRAAlPhlUWx3x,,0,"2024-11-13 02:49:14",@MarleyAldo,"​@ViviArtika iya ada emain yg tertanam gitu ya...kek nempel..",1,UgyBwnyRwzwCFyxFdyR4AaABAg,@gindamuhamadrahman9580
UgxKBX-6FlsG8epCfEF4AaABAg,1,2,"2024-02-29 05:26:16",@alia9818,"Oke mas bos",0,,
UgxKBX-6FlsG8epCfEF4AaABAg.A0OMa6JG-SVA0ONMZ9W3pL,,0,"2024-02-29 05:33:01",@makinVIRAL,"Oke kembali",1,UgxKBX-6FlsG8epCfEF4AaABAg,@alia9818
